strain,number,ratio1,ratio2,ratio3,ratio4,average,replicate,set
AB1 ,1,21.27659574,32.46753247,38.35616438,28.86597938,30.24156799,1,1
AB4 ,2,0,1.923076923,0,1.176470588,0.774886878,1,1
BRC20067 ,3,0,0,0,0,0,1,1
ECA243,4,0,0,0,0,0,1,1
CB4852 ,5,0,0,0,0,0,1,1
CB4853 ,6,57.14285714,58.33333333,42.25352113,45.09803922,50.7069377,1,1
CB4854 ,7,0,0,1.351351351,2.43902439,0.947593935,1,1
ECA36 ,8,0,0,0,0,0,1,1
ECA248,9,0,0,0,0,0,1,1
ECA250,10,0,0,0,0,0,1,1
ECA252 ,11,0,0,0,0,0,1,1
CB4932 ,12,0,0,0,0,0,1,1
CX11254 ,13,0,0,5.128205128,0,1.282051282,1,1
CX11262 ,14,0,0,0,0,0,1,1
CX11264 ,15,0,0,0,0,0,1,1
CX11271 ,16,37.25490196,25.30120482,32.5,15.12605042,27.5455393,1,1
CX11276 ,17,13.74045802,25.19685039,25.58139535,21.56862745,21.5218328,1,1
CX11285 ,18,0,0,0,0,0,1,1
CX11292 ,19,10.71428571,44.87179487,22.32142857,24.34782609,25.56383381,1,1
CX11315 ,21,0,0,0,0,0,1,1
DL200 ,22,3.846153846,0,2.777777778,0,1.655982906,1,1
DL226 ,23,0,18,23.33333333,9.433962264,12.6918239,1,1
ED3005 ,24,0,0,0,0,0,1,1
ED3011 ,25,0,0,0.819672131,0,0.204918033,1,1
ED3012 ,26,0,0,0,0,0,1,1
ED3040 ,27,1.428571429,10.61946903,2.083333333,12.17391304,6.576321708,1,1
ED3046 ,28,66.66666667,54.95495495,63.0952381,39.17525773,55.97302936,1,1
ED3048 ,29,0.909090909,4.444444444,0.775193798,1.063829787,1.798139735,1,1
ED3049 ,30,54.31034483,60,38.54166667,39.31623932,48.0420627,1,1
ED3052 ,31,0,1.063829787,1.724137931,0.78125,0.89230443,1,1
ED3073 ,32,0,0,0,0,0,1,1
ED3077 ,33,0,0,0,0,0,1,1
EG4347 ,34,6.944444444,0,1.639344262,0,2.145947177,1,1
EG4349 ,35,0,7.619047619,11.36363636,9.411764706,7.098612172,1,1
EG4724 ,36,0,0,0,0,0,1,1
EG4946 ,37,0,0,0,0,0,1,1
GXW1 ,38,0,0,0,0,0,1,1
JU310 ,39,0,0,0,0,0,1,1
JU311 ,40,0,64,0,0,16,1,1
JT11398,146,1.587301587,3.225806452,0,0,1.20327701,1,1
MY16,147,0,0,0,0,0,1,1
CB4856,148,0,0,0,0,0,1,1
CX11307 ,20,1.075268817,0,1.234567901,0,0.57745918,1,1
JU830 ,58,1.041666667,5.303030303,10.74380165,7.432432432,6.130232764,1,1
EG4725,143,55.12820513,26.38888889,29.33333333,20.23809524,32.77213065,1,1
JU775,144,2.5,5.454545455,0,0,1.988636364,1,1
MY23,145,0,0,0,0,0,1,1
DL238,150,62.71186441,54.71698113,32.43243243,42.10526316,47.99163528,1,1
AB1 ,1,0,0,0,0,0,2,1
AB4 ,2,0,0,0,0,0,2,1
BRC20067 ,3,9.345794393,14.86486486,20,10.63829787,13.71223928,2,1
ECA243,4,13.23529412,18,22.3880597,5.882352941,14.87642669,2,1
CB4852 ,5,0,0,0,0,0,2,1
CB4853 ,6,17.28395062,18.60465116,16.66666667,15.59633028,17.03789968,2,1
CB4854 ,7,0,0,4.819277108,3.75,2.142319277,2,1
ECA36 ,8,0,0,0,0,0,2,1
ECA248,9,0,4.166666667,2.53164557,7.407407407,3.526429911,2,1
ECA250,10,4.87804878,0,0,4.761904762,2.409988386,2,1
ECA252 ,11,0,1.515151515,3.06122449,2.857142857,1.858379716,2,1
CB4932 ,12,0,0,0,0,0,2,1
CX11254 ,13,7.5,1.298701299,6.557377049,1.265822785,4.155475283,2,1
CX11262 ,14,0,0,0,0,0,2,1
CX11264 ,15,0,0,5,9.195402299,3.548850575,2,1
CX11271 ,16,19.11764706,17.39130435,19.46902655,3.389830508,14.84195212,2,1
CX11276 ,17,0,7.291666667,11.29032258,9.459459459,7.010362177,2,1
CX11285 ,18,2.173913043,0,2.985074627,0,1.289746918,2,1
CX11292 ,19,9.278350515,11.02362205,8.620689655,4.938271605,8.465233456,2,1
CX11315 ,21,0,0,0,0,0,2,1
DL200 ,22,2.564102564,6.666666667,2.325581395,0,2.889087657,2,1
DL226 ,23,1.694915254,0,1.449275362,4.347826087,1.873004176,2,1
ED3005 ,24,0,0,0,0,0,2,1
ED3011 ,25,0,1.724137931,5.208333333,0,1.733117816,2,1
ED3012 ,26,0,0,0,0,0,2,1
ED3040 ,27,3.921568627,13.1147541,34.84848485,26.66666667,19.63786856,2,1
ED3046 ,28,100,100,98.38709677,43.83561644,85.5556783,2,1
ED3048 ,29,17.64705882,11.11111111,21.81818182,7.5,14.51908794,2,1
ED3049 ,30,25,24.07407407,24.59016393,7.56302521,20.3068158,2,1
ED3052 ,31,0,0,0,0,0,2,1
ED3073 ,32,0,0,0,0,0,2,1
ED3077 ,33,2.325581395,0,0,0,0.581395349,2,1
EG4347 ,34,35,46.05263158,36,15.74074074,33.19834308,2,1
EG4349 ,35,0,8.450704225,8.064516129,9.183673469,6.424723456,2,1
EG4724 ,36,0,0,0,0,0,2,1
EG4946 ,37,0,0,2.43902439,4.705882353,1.786226686,2,1
GXW1 ,38,0,0,0,0,0,2,1
JU310 ,39,0,0,0,0,0,2,1
JU311 ,40,0,0,0,0,0,2,1
JT11398,146,0,0,0,0,0,2,1
MY16,147,1.408450704,6.25,4.761904762,4.132231405,4.138146718,2,1
CB4856,148,5.454545455,3.370786517,8.571428571,0,4.349190136,2,1
CX11307 ,20,0,1.408450704,0,0,0.352112676,2,1
JU830 ,58,0,0,0,0,0,2,1
EG4725,143,29.41176471,22.5,41.93548387,34.09090909,31.98453942,2,1
JU775,144,0,0,0,0,0,2,1
MY23,145,0,0,0,1.234567901,0.308641975,2,1
DL238,150,27.53623188,30.76923077,50.70422535,24.34782609,33.33937852,2,1
AB1 ,1,41.20879121,32.05128205,26.25,31,32.62751832,3,1
AB4 ,2,0,0,0,0,0,3,1
BRC20067 ,3,1.136363636,0.877192982,0.806451613,1.818181818,1.205002058,3,1
ECA243,4,0,0,0,0,0,3,1
CB4852 ,5,0,0,0,0,0,3,1
CB4853 ,6,14.28571429,6.493506494,4.166666667,5.555555556,6.986471861,3,1
CB4854 ,7,2.083333333,17.0212766,6.12244898,2.325581395,6.806764727,3,1
ECA36 ,8,0,0,0,0,0,3,1
ECA248,9,0,0,0,0,0,3,1
ECA250,10,0,0,0,100,0.25,3,1
ECA252 ,11,0,0,0,0,0,3,1
CB4932 ,12,0,0.934579439,0.900900901,1.123595506,0.708870085,3,1
CX11254 ,13,6.956521739,3.296703297,6.4,2.586206897,4.913306259,3,1
CX11262 ,14,0,0,0,0,0,3,1
CX11264 ,15,3.96039604,0,0,0.854700855,1.24009901,3,1
CX11271 ,16,1.754385965,0.609756098,0.869565217,0.729927007,1.05842682,3,1
CX11276 ,17,3.418803419,3.361344538,3.246753247,1.398601399,3.006725301,3,1
CX11285 ,18,2.272727273,0.746268657,0.847457627,1.754385965,1.466613389,3,1
CX11292 ,19,3.125,0.869565217,2.205882353,1.851851852,2.300111893,3,1
CX11315 ,21,33.84615385,43.37349398,33.33333333,42.42424242,41.63824529,3,1
DL200 ,22,2.912621359,5.46875,0,6.25,4.09534284,3,1
DL226 ,23,0,0,0,0,0,3,1
ED3005 ,24,1.739130435,1.398601399,1.123595506,1.709401709,1.565331835,3,1
ED3011 ,25,6.329113924,6.172839506,4.255319149,0,4.189318145,3,1
ED3012 ,26,11.62790698,9.090909091,3.75,6.306306306,7.867204017,3,1
ED3040 ,27,7.894736842,22.58064516,27.02702703,18.05555556,17.62560226,3,1
ED3046 ,28,45.33333333,18.60465116,27.27272727,28.98550725,32.80267794,3,1
ED3048 ,29,32.5,14.94252874,15.45454545,20.87912088,20.47426855,3,1
ED3049 ,30,4.87804878,2.631578947,2.173913043,1.257861635,2.920885193,3,1
ED3052 ,31,3.636363636,3.333333333,1.714285714,1.526717557,2.670995671,3,1
ED3073 ,32,1.612903226,4.081632653,10.18518519,2.083333333,4.469930266,3,1
ED3077 ,33,9.375,1.694915254,6.172839506,6.930693069,6.06068869,3,1
EG4347 ,34,0,0,1.851851852,0,0.462962963,3,1
EG4349 ,35,1.111111111,7.272727273,7.5,3.669724771,4.970959596,3,1
EG4724 ,36,0,6.578947368,1.639344262,1.851851852,2.304572908,3,1
EG4946 ,37,5.063291139,6.153846154,5.405405405,7.843137255,7.155635675,3,1
GXW1 ,38,0,0,0,0,0,3,1
JU310 ,39,0,0,0,0,0,3,1
JU311 ,40,0,0,0,0,0,3,1
JT11398,146,0,0,0,0,0,3,1
MY16,147,0,2.739726027,1.234567901,4.347826087,1.993573482,3,1
CB4856,148,3.225806452,9.090909091,10.97560976,6.034482759,7.573081325,3,1
CX11307 ,20,0,1.257861635,3.03030303,4.705882353,3.072041166,3,1
JU830 ,58,0,0.641025641,0.934579439,0,0.39390127,3,1
EG4725,143,31.11111111,22.5,18.46153846,26.37362637,24.01816239,3,1
JU775,144,0,1.123595506,1.19047619,1.111111111,0.828517924,3,1
MY23,145,3.703703704,7.317073171,10.22727273,6.666666667,6.3120124,3,1
DL238,150,17.07317073,38.63636364,31.08108108,35.61643836,28.19765386,3,1
AB1 ,1,0.763358779,0,0.943396226,0,0.426688751,4,1
AB4 ,2,3.50877193,4.285714286,1.851851852,0,2.411584517,4,1
BRC20067 ,3,0,0,0,1.351351351,0.337837838,4,1
ECA243,4,4.347826087,0,0,0,1.086956522,4,1
CB4852 ,5,0,0,0,0,0,4,1
CB4853 ,6,0,0,0,0,0,4,1
CB4854 ,7,0,0,0,0,0,4,1
ECA36 ,8,0,0,0,0,0,4,1
ECA248,9,0,0,0,0,0,4,1
ECA250,10,0,0,0,0,0,4,1
ECA252 ,11,0,0,0,0,0,4,1
CB4932 ,12,2.816901408,0,2.197802198,1.01010101,1.506201154,4,1
CX11254 ,13,0,0,1.123595506,0,0.280898876,4,1
CX11262 ,14,0,0,0,0,0,4,1
CX11264 ,15,0,10.11235955,9.89010989,4.938271605,6.235185261,4,1
CX11271 ,16,2.53164557,3.658536585,0,0,1.547545539,4,1
CX11276 ,17,2.898550725,6.153846154,0,1.020408163,2.51820126,4,1
CX11285 ,18,0,0,1.886792453,1.052631579,0.734856008,4,1
CX11292 ,19,3.389830508,9.615384615,1.351351351,3.80952381,4.541522571,4,1
CX11315 ,21,0,0,0,0,0,4,1
DL200 ,22,0,0,0,0,0,4,1
DL226 ,23,15.90909091,9.722222222,15.68627451,8.695652174,12.50330995,4,1
ED3005 ,24,0,0,0,0,0,4,1
ED3011 ,25,0,8.888888889,3.47826087,8.411214953,5.194591178,4,1
ED3012 ,26,0,0,0,0,0,4,1
ED3040 ,27,7.368421053,4.6875,8.333333333,16.47058824,9.214960655,4,1
ED3046 ,28,47.31182796,55.73770492,51.25,51,51.32488322,4,1
ED3048 ,29,35.59322034,25,19.8019802,18.03278689,24.60699686,4,1
ED3049 ,30,35.71428571,30,67.14285714,54.76190476,46.9047619,4,1
ED3052 ,31,5.357142857,6.060606061,2.040816327,1.315789474,3.693588679,4,1
ED3073 ,32,0,0,0,0,0,4,1
ED3077 ,33,0,0,0,0,0,4,1
EG4347 ,34,0,0,1.086956522,0.869565217,0.489130435,4,1
EG4349 ,35,0,0,1.5625,0,0.390625,4,1
EG4724 ,36,9.85915493,4.054054054,7.317073171,2.325581395,5.888965887,4,1
EG4946 ,37,0,0,0,0,0,4,1
GXW1 ,38,0,0,0,0,0,4,1
JU310 ,39,0,0,0,0,0,4,1
JU311 ,40,0,2.173913043,1.408450704,1.694915254,1.31931975,4,1
JT11398,146,0,0,0,0,0,4,1
MY16,147,5.660377358,4.166666667,2.272727273,7.692307692,4.948019748,4,1
CB4856,148,0,0,0,0,0,4,1
CX11307 ,20,1.5625,3.278688525,6.25,3.96039604,3.762896141,4,1
JU830 ,58,2.127659574,1.652892562,0,3.50877193,1.822331017,4,1
EG4725,143,33.33333333,20,15.25423729,22.85714286,22.86117837,4,1
JU775,144,0,0,0,0,0,4,1
MY23,145,0,0,0,0,0,4,1
DL238,150,14,50,49.18032787,36.36363636,37.38599106,4,1
AB1 ,1,0.564971751,0,0.819672131,0.980392157,0.59125901,5,1
AB4 ,2,1.98019802,1.176470588,0,0,0.789167152,5,1
BRC20067 ,3,0,0,0,0,0,5,1
ECA243,4,15,20,23.88059701,9.411764706,17.07309043,5,1
CB4852 ,5,0,0,0,0,0,5,1
CB4853 ,6,0,0,0,0,0,5,1
CB4854 ,7,0,0,0,0,0,5,1
ECA36 ,8,0,0,0,0,0,5,1
ECA248,9,0,0,0,0,0,5,1
ECA250,10,0,0,0,0,0,5,1
ECA252 ,11,0,0,0,0,0,5,1
CB4932 ,12,0,0,0,0,0,5,1
CX11254 ,13,0,0.757575758,0,0,0.189393939,5,1
CX11262 ,14,0,0,0,0,0,5,1
CX11264 ,15,0,0,0,0,0,5,1
CX11271 ,16,0,0,0,0,0,5,1
CX11276 ,17,0,0,0,0,0,5,1
CX11285 ,18,0,0,0,0,0,5,1
CX11292 ,19,0,0,0,0,0,5,1
CX11315 ,21,0,12.34567901,14.17322835,13.08411215,9.900754877,5,1
DL200 ,22,0,0,0,0,0,5,1
DL226 ,23,0,0,0,0,0,5,1
ED3005 ,24,0,0,0,0,0,5,1
ED3011 ,25,0,7.317073171,5.940594059,0,3.314416808,5,1
ED3012 ,26,0,0,0,0,0,5,1
ED3040 ,27,4.838709677,14.47368421,1.408450704,7.339449541,7.015073533,5,1
ED3046 ,28,5.714285714,3.225806452,3.378378378,0,3.079617636,5,1
ED3048 ,29,0,0,0,0,0,5,1
ED3049 ,30,9.302325581,3.06122449,2.352941176,0,3.679122812,5,1
ED3052 ,31,0,0,0,0,0,5,1
ED3073 ,32,0,0,0,0,0,5,1
ED3077 ,33,0,0,0,0,0,5,1
EG4347 ,34,0,0,0,0,0,5,1
EG4349 ,35,0,2.941176471,11.29032258,14.40677966,7.159569678,5,1
EG4724 ,36,0,0,0,0,0,5,1
EG4946 ,37,0,0,0,0,0,5,1
GXW1 ,38,0,0,0,0,0,5,1
JU310 ,39,0,0,0,0,0,5,1
JU311 ,40,0,0,0,0,0,5,1
JT11398,146,0,0,0,0,0,5,1
MY16,147,4.494382022,3.431372549,4.697986577,0,3.155935287,5,1
CB4856,148,0,0,0.763358779,2.34375,0.776777195,5,1
CX11307 ,20,0,0,0,0,0,5,1
JU830 ,58,0,0,0,0,0,5,1
EG4725,143,66.66666667,58.97435897,15.38461538,13.92405063,38.73742291,5,1
JU775,144,0,0,0,0,0,5,1
MY23,145,0,0,0,0,0,5,1
DL238,150,46.36363636,43.47826087,39.3442623,41.50943396,42.67389837,5,1
JU323 ,42,0,0,0,0,0,1,2
JU346 ,43,0,0,0,0,0,1,2
JU393 ,46,0,0,0,0,0,1,2
JU397 ,48,0,0,0,0,0,1,2
JU406 ,49,0,0,0,0,0,1,2
JU440 ,50,1.960784314,8.695652174,7.894736842,5.217391304,5.942141159,1,2
JU1172 ,61,0,0,0,0,0,1,2
JU1200 ,62,73.97260274,62.22222222,69.27374302,66.05504587,67.88090346,1,2
JU1212 ,63,36.50793651,39.71631206,33.91304348,30.70866142,35.21148837,1,2
JU1213 ,64,0,8.823529412,5.050505051,11.62790698,6.37548536,1,2
JU1242 ,65,0,0,0,0,0,1,2
JU1246 ,66,0,0,0,0,0,1,2
JU1395 ,67,46.96969697,36.5,16,15.86206897,28.83294148,1,2
JU1400 ,68,0,0,0,0,0,1,2
JU1409 ,69,3.278688525,10.25641026,5.263157895,3.75,5.637064169,1,2
JU1440 ,70,55.97484277,59.13978495,54.30463576,55.55555556,56.24370476,1,2
JU1491 ,71,0,0,1.904761905,0,0.476190476,1,2
JU1581 ,72,10.71428571,21.31147541,10.86956522,31.11111111,18.50160936,1,2
JU1530 ,73,0,0,0,0,0,1,2
JU1568 ,74,2.247191011,1.898734177,0,0.621118012,1.1917608,1,2
JU1586 ,76,46.66666667,59.22330097,53.76344086,100,64.91335212,1,2
JU1652 ,77,100,92.91338583,100,46.66666667,84.89501312,1,2
JU1896 ,78,0,0,0,0,0,1,2
JU2001 ,79,0,0,0,0,0,1,2
JU2007 ,80,0,0,0,0,0,1,2
JU2316 ,81,90,75.28089888,59.16666667,22.52252252,61.74252202,1,2
JU2466 ,82,15.73033708,19.32773109,4.285714286,26.37362637,16.42935221,1,2
JU2513 ,84,4.444444444,6.481481481,3.076923077,3.937007874,4.484964219,1,2
JU2519 ,85,0,0,0,0,0,1,2
JU2522 ,86,12,20.63492063,17.5,26.66666667,19.20039683,1,2
JU2526 ,87,0,0,0,0,0,1,2
KR314 ,88,1.877934272,5.142857143,1.960784314,4.739336493,3.430228055,1,2
MY1 ,90,0,0,0,0,0,1,2
MY10 ,91,1.587301587,3.076923077,1.298701299,0,1.490731491,1,2
MY18 ,92,0,0,0,0,0,1,2
NIC1 ,93,4.545454545,6.756756757,1.492537313,0,3.198687154,1,2
NIC2 ,94,0,0,0,0,0,1,2
NIC166 ,96,27.05882353,34.86238532,28.57142857,14.54545455,26.25952299,1,2
NIC199 ,98,45.16129032,52.94117647,64.9122807,54.66666667,54.42035354,1,2
NIC207 ,99,0,0,0,0,0,1,2
NIC231 ,100,0,0,0,0,0,1,2
CX11307 ,20,1.550387597,8.064516129,6.382978723,7.462686567,5.865142254,1,2
JU830 ,58,3.846153846,8.088235294,2.597402597,1.923076923,4.113717165,1,2
EG4725,143,42.85714286,48.52941176,45.45454545,42.15686275,44.74949071,1,2
JU775,144,0,0,0,0,0,1,2
MY23,145,0,0,0,0,0,1,2
DL238,150,26.53061224,46.60194175,49.10714286,59.81308411,45.51319524,1,2
,,,,,,,1,2
JU323 ,42,0,0,0,0,0,2,2
JU346 ,43,0,0,0,0,0,2,2
JU393 ,46,0,0,0,0,0,2,2
JU397 ,48,0.641025641,1.587301587,0,0,0.557081807,2,2
JU406 ,49,0,0,0,0,0,2,2
JU440 ,50,18.84057971,0,4.95049505,5.785123967,7.394049682,2,2
JU1172 ,61,0,0,0,0,0,2,2
JU1200 ,62,10.90909091,22.4137931,8.61423221,17.87439614,14.95287809,2,2
JU1212 ,63,2.290076336,1.5,0.609756098,1.27388535,1.418429446,2,2
JU1213 ,64,0,1.587301587,2.290076336,0.806451613,1.170957384,2,2
JU1242 ,65,0,0,0,0,0,2,2
JU1246 ,66,0,0.970873786,0,0,0.242718447,2,2
JU1395 ,67,64.09090909,60.16949153,66.66666667,46.45390071,59.345242,2,2
JU1400 ,68,0,0,0,0.709219858,0.177304965,2,2
JU1409 ,69,4.411764706,0,0.613496933,0,1.25631541,2,2
JU1440 ,70,81.39534884,61.84210526,73.25581395,92.22222222,77.17887257,2,2
JU1491 ,71,0,0,0,0,0,2,2
JU1581 ,72,15.68627451,16.66666667,14.66666667,11.25,14.56740196,2,2
JU1530 ,73,0,0,0,0,0,2,2
JU1568 ,74,0,0.819672131,0,0,0.204918033,2,2
JU1586 ,76,10.9375,33.76623377,17.04545455,14.54545455,19.07366071,2,2
JU1652 ,77,66.94214876,35.45454545,43.33333333,14.72868217,40.11467743,2,2
JU1896 ,78,0,0,0,0,0,2,2
JU2001 ,79,0,0,0,0,0,2,2
JU2007 ,80,0,0,0,0,0,2,2
JU2316 ,81,43.1372549,57.61904762,66.875,50.98039216,54.65292367,2,2
JU2466 ,82,47.05882353,53.96825397,46.59090909,58.63874346,51.56418251,2,2
JU2513 ,84,8.333333333,14.03508772,7.142857143,16.98113208,11.62310257,2,2
JU2519 ,85,0,0,0,0,0,2,2
JU2522 ,86,42.25352113,48.7804878,46.42857143,57.53424658,48.74920673,2,2
JU2526 ,87,0,0,0,0,0,2,2
KR314 ,88,72.54901961,81.29496403,73.63636364,86.23188406,78.42805783,2,2
MY1 ,90,0,0,0,0,0,2,2
MY10 ,91,0,0,0,0,0,2,2
MY18 ,92,0,0,0,0,0,2,2
NIC1 ,93,13.46153846,16.36363636,4.225352113,13.25301205,11.82588475,2,2
NIC2 ,94,0,0,0,0,0,2,2
NIC166 ,96,40.6779661,48.61111111,43.47826087,34.19354839,41.74022162,2,2
NIC199 ,98,56.66666667,53.67647059,44.59459459,35.8490566,47.69669711,2,2
NIC207 ,99,0,0,1.351351351,0.925925926,0.569319319,2,2
NIC231 ,100,0,0,0,0,0,2,2
CX11307 ,20,4.819277108,7.317073171,6.329113924,3.296703297,5.440541875,2,2
JU830 ,58,3.921568627,0,9.77443609,4.347826087,4.510957701,2,2
EG4725,143,44.44444444,42.22222222,42.52873563,41.66666667,42.71551724,2,2
JU775,144,0,0,0,0,0,2,2
MY23,145,0,0,0,0,0,2,2
DL238,150,38.27160494,47.5,47.27272727,26.66666667,39.92774972,2,2
,,,,,,,2,2
JU323 ,42,0,0,0,0,0,3,2
JU346 ,43,0,0,0,0,0,3,2
JU393 ,46,0,0,0,0,0,3,2
JU397 ,48,0,0,0,0,0,3,2
JU406 ,49,0,0,0,0,0,3,2
JU440 ,50,0,0,0,0,0,3,2
JU1172 ,61,0,0,0,0,0,3,2
JU1200 ,62,0,0,0,0,0,3,2
JU1212 ,63,0,0,0,0,0,3,2
JU1213 ,64,0,0,0,0,0,3,2
JU1242 ,65,0,0,0,0,0,3,2
JU1246 ,66,0,0,0,0,0,3,2
JU1395 ,67,13.26530612,9.401709402,5.405405405,7.01754386,8.772491197,3,2
JU1400 ,68,0,0,0,0,0,3,2
JU1409 ,69,0,0,0,0,0,3,2
JU1440 ,70,0,0,0,0,0,3,2
JU1491 ,71,0,0,0,0,0,3,2
JU1568 ,74,0,0,0,0,0,3,2
JU1586 ,76,4,4.411764706,0,0,2.102941176,3,2
JU1652 ,77,4.724409449,3,3.092783505,6.504065041,4.330314499,3,2
JU1896 ,78,0,0,0,0,0,3,2
JU2001 ,79,0,0,0,0,0,3,2
JU2007 ,80,0,0,0,0,0,3,2
JU2316 ,81,4,2,2.97029703,3.06122449,3.00788038,3,2
JU2466 ,82,0,13.55932203,44,7.476635514,16.25898939,3,2
JU2464 ,83,0,0,0,0,0,3,2
JU2513 ,84,1.724137931,0,0.99009901,3.703703704,1.604485161,3,2
JU2519 ,85,0,0,0,0,0,3,2
JU2522 ,86,7.476635514,6.818181818,9.230769231,8.139534884,7.916280362,3,2
JU2526 ,87,0,0,0,0,0,3,2
KR314 ,88,2.197802198,0,1.709401709,1.98019802,1.471850482,3,2
LSJ1 ,89,0,0,0,0,0,3,2
MY1 ,90,0,0,0,0,0,3,2
MY10 ,91,0,0,0,0,0,3,2
MY18 ,92,0,0,0,0,0,3,2
NIC1 ,93,0,0,0,0,0,3,2
NIC2 ,94,0,0,0,0,0,3,2
NIC166 ,96,0,0,0,0,0,3,2
NIC199 ,98,0,0,0,0,0,3,2
NIC207 ,99,0,0,0,0,0,3,2
NIC231 ,100,0,0,0,0,0,3,2
CX11307 ,20,0,13.23529412,9.322033898,8.791208791,7.837134202,3,2
JU830 ,58,5.454545455,20.25316456,17.24137931,12.78195489,13.93276105,3,2
EG4725,143,56.16438356,51.85185185,47.2972973,46.73913043,50.51316579,3,2
JU775,144,0,0,0,0,0,3,2
MY23,145,0,0,0,0,0,3,2
DL238,150,43.75,55,47.32142857,47.6744186,48.43646179,3,2
,,,,,,,3,2
JU323 ,42,0,0,0,0,0,4,2
JU346 ,43,0,0,0,0,0,4,2
JU393 ,46,0,0,0,0,0,4,2
JU397 ,48,0,0,0,0,0,4,2
JU406 ,49,5.681818182,12.79069767,11.76470588,8.771929825,9.752287891,4,2
JU440 ,50,57.72357724,45.94594595,38.70967742,58.06451613,50.11092918,4,2
JU1172 ,61,1.5625,4,3.409090909,5.839416058,3.702751742,4,2
JU1200 ,62,5.46875,4.504504505,6.71641791,1.769911504,4.61489598,4,2
JU1212 ,63,0,0,1.162790698,0,0.290697674,4,2
JU1213 ,64,3.260869565,1.587301587,0.675675676,0.497512438,1.505339817,4,2
JU1242 ,65,0,0,0,0,0,4,2
JU1246 ,66,0,0,0,0,0,4,2
JU1395 ,67,19.1011236,32.65306122,11.42857143,27.27272727,22.61387088,4,2
JU1400 ,68,0,2.941176471,0.99009901,0,0.98281887,4,2
JU1409 ,69,0,0,0,0.709219858,0.177304965,4,2
JU1440 ,70,2.380952381,4.301075269,0,1.111111111,1.94828469,4,2
JU1491 ,71,0,0,0.985221675,0.970873786,0.489023865,4,2
JU1568 ,74,0,0,0,0,0,4,2
JU1586 ,76,59.7826087,50,46.66666667,23.13432836,44.89590093,4,2
JU1652 ,77,0,0,0,0,0,4,2
JU1896 ,78,3.06122449,2.02020202,5.172413793,10.37037037,5.156052668,4,2
JU2001 ,79,0,0,0,0,0,4,2
JU2007 ,80,2.97029703,4.87804878,0.632911392,2.202643172,2.670975094,4,2
JU2316 ,81,8.823529412,11.11111111,6.790123457,8.5,8.806190995,4,2
JU2466 ,82,10.83333333,0,2.985074627,1.333333333,3.787935323,4,2
JU2464 ,83,0,0,0,0,0,4,2
JU2513 ,84,0,0,2,1.398601399,0.84965035,4,2
JU2519 ,85,0,0,0,0,0,4,2
JU2522 ,86,40,45.45454545,39.88764045,33.33333333,39.66887981,4,2
JU2526 ,87,0,0,0,0,0,4,2
KR314 ,88,0,1.470588235,0,0.751879699,0.555616984,4,2
LSJ1 ,89,24.44444444,21.42857143,26.43678161,26.59574468,24.72638554,4,2
MY1 ,90,1.449275362,0,0,0,0.362318841,4,2
MY10 ,91,4.347826087,7.142857143,4,6.593406593,5.521022456,4,2
MY18 ,92,1,1.063829787,0,0,0.515957447,4,2
NIC1 ,93,1.612903226,2.222222222,1.785714286,1.333333333,1.738543267,4,2
NIC2 ,94,0,0,0.793650794,0,0.198412698,4,2
NIC166 ,96,49.43820225,26.80412371,37.70491803,32.47863248,36.60646912,4,2
NIC199 ,98,72.64957265,47.44525547,51,35.77981651,51.71866116,4,2
NIC207 ,99,0.460829493,2.912621359,4.242424242,3.125,2.685218774,4,2
NIC231 ,100,0,0.432900433,0,0,0.108225108,4,2
CX11307 ,20,4.87804878,3.921568627,2.380952381,0,2.795142447,4,2
JU830 ,58,13.04347826,12.67605634,11.68831169,3.797468354,10.30132866,4,2
EG4725,143,42.25352113,56,83.92857143,39.65517241,55.45931624,4,2
JU775,144,0,0,0,0,0,4,2
MY23,145,0,0,0,0,0,4,2
DL238,150,50,83.72093023,48.85057471,25,51.89287624,4,2
,,,,,,,4,2
JU323 ,42,0,0,0,0,0,5,2
JU346 ,43,0,0,0,0,0,5,2
JU393 ,46,0,0,0,0,0,5,2
JU397 ,48,0,0,0,0,0,5,2
JU406 ,49,0,0,0,0,0,5,2
JU440 ,50,0,0,0,0,0,5,2
JU1172 ,61,0,0,0,0,0,5,2
JU1200 ,62,0,0,0,0,0,5,2
JU1212 ,63,0,0,0,0,0,5,2
JU1213 ,64,5.454545455,5.434782609,5.93220339,4.95049505,5.443006626,5,2
JU1242 ,65,13.04347826,19.13043478,21.70542636,13.43283582,16.82804381,5,2
JU1246 ,66,0,0,0,0,0,5,2
JU1395 ,67,0,0,0,0,0,5,2
JU1400 ,68,0,1.030927835,0,1.612903226,0.660957765,5,2
JU1409 ,69,0,0,0,0,0,5,2
JU1440 ,70,0,0,0,0,0,5,2
JU1491 ,71,0,0,0,0,0,5,2
JU1568 ,74,0,0,0,0,0,5,2
JU1586 ,76,0,0,0,0,0,5,2
JU1652 ,77,0,0,0,0,0,5,2
JU1896 ,78,0,0,0,0,0,5,2
JU2001 ,79,0,0,0,0,0,5,2
JU2007 ,80,0,0,0,0,0,5,2
JU2316 ,81,0,0,0,0,0,5,2
JU2466 ,82,3.649635036,11.42857143,6.748466258,3.488372093,6.328761204,5,2
JU2464 ,83,0,0,0,0,0,5,2
JU2513 ,84,0,0,0,0,0,5,2
JU2519 ,85,0,0,0,0,0,5,2
JU2522 ,86,5.34351145,1.428571429,0,1.149425287,1.980377042,5,2
JU2526 ,87,0,0,0,0,0,5,2
KR314 ,88,0,0,0,0,0,5,2
LSJ1 ,89,0,0,0,0,0,5,2
MY1 ,90,0,0,0,0,0,5,2
MY10 ,91,0,0,0,0,0,5,2
MY18 ,92,0,0,0,0,0,5,2
NIC1 ,93,0,0,0,0,0,5,2
NIC2 ,94,0,0,0,0,0,5,2
NIC166 ,96,0,0,0,0,0,5,2
NIC199 ,98,0,0,0,0,0,5,2
NIC207 ,99,0,0,0,0,0,5,2
NIC231 ,100,0,0,0,0,0,5,2
CX11307 ,20,0,0,0,0,0,5,2
JU830 ,58,0,0,0,0,0,5,2
EG4725,143,26,25,25.51020408,22.36842105,24.71965628,5,2
JU775,144,0,0,0,0,0,5,2
MY23,145,0,0,0,0,0,5,2
DL238,150,18,27.08333333,18.36734694,14.47368421,19.48109112,5,2
,,,,,,,5,2
NIC236 ,101,4.761904762,8.737864078,9.756097561,6.25,7.3764666,1,3
NIC242 ,102,0,0,0,0,0,1,3
NIC251 ,103,1.408450704,0,1.449275362,1.01010101,0.966956769,1,3
NIC252 ,104,100,97.26027397,97.33333333,94.44444444,97.25951294,1,3
NIC255 ,105,2.564102564,7.142857143,6.25,8.571428571,6.13209707,1,3
NIC256 ,106,0,0,0,0,0,1,3
NIC258 ,107,10.20408163,20,12.5,7.352941176,12.5142557,1,3
NIC259 ,108,5.555555556,3.333333333,14.63414634,11.11111111,8.658536585,1,3
NIC260 ,109,57.31707317,52.25225225,66.26506024,75.2688172,62.77580072,1,3
NIC261 ,110,0,1.538461538,0,1,0.634615385,1,3
NIC262 ,111,0,1.324503311,5.263157895,2.469135802,2.264199252,1,3
NIC265 ,112,30.6122449,33.33333333,41,34.25925926,34.80120937,1,3
NIC266 ,113,4.046242775,5.555555556,6.451612903,2.857142857,4.727638523,1,3
NIC267 ,114,74.02597403,76.92307692,43.63636364,64.28571429,64.71778222,1,3
NIC268 ,115,17.0212766,12.94117647,26.82926829,60.71428571,29.37650177,1,3
NIC269 ,116,0,0,0,0,0,1,3
NIC271 ,117,0,0,0,0,0,1,3
NIC272 ,118,2.479338843,8.275862069,0,8.426966292,4.795541801,1,3
NIC274 ,119,79.08496732,96.15384615,82.0754717,93,87.57857129,1,3
NIC275 ,120,0,0,0,0,0,1,3
NIC276 ,121,86.48648649,92.78350515,91.26213592,88.99082569,89.88073831,1,3
NIC277 ,122,90.16393443,86.66666667,90.90909091,89.43089431,89.29264658,1,3
PB303 ,123,70.33898305,79.8245614,100,94.62365591,86.19680009,1,3
PB306 ,124,1.515151515,4.487179487,1.176470588,2.919708029,2.524627405,1,3
PS2025 ,125,54.41176471,52.87356322,42.46575342,94.59459459,61.08641899,1,3
RC301 ,126,96.92307692,82.35294118,61.53846154,62.5,75.82861991,1,3
PX179 ,127,2.173913043,0,0,0,0.543478261,1,3
QG536 ,128,0,0,0,0,0,1,3
QG556 ,129,46.03174603,64.70588235,46.80851064,63.41463415,55.24019329,1,3
QG557 ,130,3.571428571,10.76923077,20.3125,3.03030303,9.420865593,1,3
QG2075 ,131,7.228915663,3.614457831,2.564102564,6.493506494,4.975245638,1,3
QW947 ,132,84.61538462,70.12987013,45.94594595,39.50617284,60.04934338,1,3
QX1211 ,133,0,0,0,0,0,1,3
QX1212 ,134,0,0,0,0,0,1,3
QX1233 ,135,60.60606061,98.41269841,62.06896552,50.60240964,67.92253354,1,3
QX1791 ,136,0,0,0,0,0,1,3
QX1792 ,137,0,0,0,0,0,1,3
QX1793 ,138,83.44827586,62.02531646,85.43046358,70,75.22601397,1,3
QX1794 ,139,2.564102564,0,5.747126437,0,2.07780725,1,3
WN2001 ,140,32.60869565,54.16666667,45.3125,40.32258065,43.10261074,1,3
WN2002 ,141,52.5,66.66666667,77.35849057,28.57142857,56.27414645,1,3
N2,151,16.32653061,,,,16.32653061,1,3
CX11307 ,20,6.382978723,11.62790698,8.695652174,2.564102564,7.31766011,1,3
JU830 ,58,28.40909091,21.21212121,21.42857143,11.27819549,20.58199476,1,3
EG4725,143,46.34146341,35.29411765,36.73469388,46.875,41.31131873,1,3
JU775,144,3.75,10,4.109589041,5.882352941,5.935485496,1,3
MY23,145,4.166666667,5.555555556,0,4.854368932,3.644147789,1,3
DL238,150,52.88461538,54.21686747,53.28947368,63.41463415,55.95139767,1,3
NIC236 ,101,9.302325581,56.8627451,32.69230769,20.51282051,29.84254972,2,3
NIC242 ,102,0,0,0,0,0,2,3
NIC251 ,103,9.473684211,29.23076923,46.98795181,45.09803922,32.69761112,2,3
NIC252 ,104,95.65217391,76.40449438,80,52.45901639,76.12892117,2,3
NIC255 ,105,35,39.24050633,60.37735849,52.56410256,46.79549185,2,3
NIC256 ,106,0,0,0,0,0,2,3
NIC258 ,107,6.422018349,22.44897959,16.66666667,21.42857143,16.74155901,2,3
NIC259 ,108,0,0,0,0,0,2,3
NIC260 ,109,1.19047619,2.666666667,4.109589041,9.243697479,4.302607344,2,3
NIC261 ,110,0,0,0,0,0,2,3
NIC262 ,111,1.183431953,1.986754967,3.333333333,1.086956522,1.897619194,2,3
NIC265 ,112,56.66666667,33.89830508,27.11864407,17.34693878,33.75763865,2,3
NIC266 ,113,0,0,0,0,0,2,3
NIC267 ,114,12.90322581,22.48062016,23.33333333,6.194690265,16.22796739,2,3
NIC268 ,115,50,66.66666667,58.73015873,45.45454545,55.21284271,2,3
NIC269 ,116,11.9047619,22,5.617977528,3.883495146,10.85155864,2,3
NIC271 ,117,14.95327103,29.62962963,25.92592593,13.1147541,20.90589517,2,3
NIC272 ,118,44.44444444,46.15384615,27.27272727,18.36734694,34.0595912,2,3
NIC274 ,119,60,51.61290323,60.41666667,53.19148936,56.30526481,2,3
NIC275 ,120,4.166666667,0,3.191489362,2.597402597,2.488889656,2,3
NIC276 ,121,81.39534884,78,98.7804878,73.40425532,82.89502299,2,3
NIC277 ,122,64.0776699,54.09836066,59.375,37.31343284,53.71611585,2,3
PB303 ,123,40.625,56.97674419,50,38.18181818,46.44589059,2,3
PB306 ,124,99.04761905,93.84615385,89.79591837,82.25806452,91.23693894,2,3
PS2025 ,125,25.43859649,20.65217391,25.49019608,30.88235294,25.61582986,2,3
RC301 ,126,86.8852459,92.72727273,60.97560976,59.61538462,75.05087825,2,3
PX179 ,127,4.081632653,10.52631579,1.470588235,,5.359512226,2,3
QG536 ,128,0,0,0,1.769911504,0.442477876,2,3
QG556 ,129,45.16129032,41.17647059,48.48484848,53.16455696,46.99679159,2,3
QG557 ,130,0,6.024096386,8.235294118,0,3.564847626,2,3
QG2075 ,131,0,0,0,0,0,2,3
QW947 ,132,0,0,0,0,0,2,3
QX1211 ,133,2,2.564102564,3.225806452,9.448818898,4.309681978,2,3
QX1212 ,134,63.33333333,62.19512195,42.85714286,51.2605042,54.91152559,2,3
QX1233 ,135,50.64935065,60.66666667,66.19047619,55.88235294,58.34721161,2,3
QX1791 ,136,0,0,0,0,0,2,3
QX1792 ,137,2.678571429,9.708737864,7.092198582,6.060606061,6.385028484,2,3
QX1793 ,138,4.545454545,1.550387597,2.158273381,0,2.063528881,2,3
QX1794 ,139,2.197802198,7.766990291,10.60606061,10.3030303,7.71847085,2,3
WN2001 ,140,66.21621622,64,40.38461538,52.87356322,55.8685987,2,3
WN2002 ,141,8.484848485,30.3030303,27.55102041,37.73584906,26.01868706,2,3
N2,151,28.57142857,31.03448276,18.62745098,15.04424779,23.31940252,2,3
CX11307 ,20,5,5.128205128,9.81595092,8,6.986039012,2,3
JU830 ,58,19.48051948,6.976744186,10.52631579,6.060606061,10.76104638,2,3
EG4725,143,35.13513514,62.92134831,64,47.16981132,52.30657369,2,3
JU775,144,13.07692308,5.617977528,3.409090909,2,6.025997879,2,3
MY23,145,7.407407407,6.870229008,6.315789474,3.571428571,6.041213615,2,3
DL238,150,66.66666667,62.33766234,30,,53.001443,2,3
NIC236 ,101,8.974358974,23.1884058,15.74074074,28.57142857,19.11873352,3,3
NIC242 ,102,0,0,0,0,0,3,3
NIC251 ,103,2.040816327,0,11.23595506,12.5,6.444192846,3,3
NIC252 ,104,34.52380952,51.1627907,51.75438596,46.04316547,45.87103791,3,3
NIC255 ,105,2.040816327,3.773584906,9.302325581,2,4.279181703,3,3
NIC256 ,106,0,0,0,0,0,3,3
NIC258 ,107,29.16666667,12.5,13.27433628,9.183673469,16.0311691,3,3
NIC259 ,108,0,0,0,0,0,3,3
NIC260 ,109,47.31182796,71.2962963,69.6969697,64.18918919,63.12357078,3,3
NIC261 ,110,0,0,0,0,0,3,3
NIC262 ,111,40,33.33333333,25.75757576,42.68292683,35.44345898,3,3
NIC265 ,112,72.72727273,62.13592233,74.48979592,80.58252427,72.48387881,3,3
NIC266 ,113,2.259887006,5.769230769,6.25,8.955223881,5.808585414,3,3
NIC267 ,114,86,84.61538462,77.89473684,92.30769231,85.20445344,3,3
NIC268 ,115,36.58536585,58.02469136,47.19101124,40.38461538,45.54642096,3,3
NIC269 ,116,0,0,0,0,0,3,3
NIC271 ,117,18.18181818,39.24050633,36.36363636,41.44144144,33.80685058,3,3
NIC272 ,118,16.66666667,21.21212121,11.76470588,10,14.91087344,3,3
NIC274 ,119,54.6875,66.92307692,64.47368421,76.40449438,65.62218888,3,3
NIC275 ,120,0,0,0,0,0,3,3
NIC276 ,121,51.92307692,59.81308411,68.51851852,58.42696629,59.67041146,3,3
NIC277 ,122,0,0,0,0,0,3,3
PB303 ,123,66.52360515,81.30841121,82.0754717,81.55339806,77.86522153,3,3
PB306 ,124,24.17582418,23.01587302,19.81132075,20.94594595,21.98724097,3,3
PS2025 ,125,27.27272727,30.09708738,43.02325581,49.47368421,37.46668867,3,3
RC301 ,126,33.78378378,19.08396947,34.59119497,20,26.86473705,3,3
PX179 ,127,0,0,0,0,0,3,3
QG536 ,128,0,0,0,0,0,3,3
QG556 ,129,56.04395604,48.91304348,77.27272727,77.98165138,65.05284454,3,3
QG557 ,130,1.25,0.787401575,1.030927835,1.851851852,1.230045315,3,3
QG2075 ,131,41.66666667,50.61728395,57.8313253,38.88888889,47.2510412,3,3
QW947 ,132,63.49206349,53.40909091,36.36363636,40.42553191,48.42258067,3,3
QX1211 ,133,0,6.666666667,4.838709677,6.493506494,4.499720709,3,3
QX1212 ,134,57.69230769,29.56521739,40.74074074,34.04255319,40.51020475,3,3
QX1233 ,135,20.83333333,20.75471698,27.83505155,30.90909091,25.08304819,3,3
QX1791 ,136,5.434782609,9.649122807,15.12605042,4.87804878,8.772001154,3,3
QX1792 ,137,0,0,0,0,0,3,3
QX1793 ,138,7.936507937,3.125,8.411214953,1.111111111,5.1459585,3,3
QX1794 ,139,0,0,0,0,0,3,3
WN2001 ,140,67.1641791,48.03921569,69.18238994,31.52173913,53.97688096,3,3
WN2002 ,141,74.46808511,81.06060606,88.43930636,69.51219512,78.37004816,3,3
N2,151,9.210526316,10.75949367,12.29508197,13.67521368,11.48507891,3,3
CX11307 ,20,22.3880597,34.48275862,35.55555556,48,35.10659347,3,3
JU830 ,58,0,0,0,0,0,3,3
EG4725,143,74.80916031,62.92134831,57.60869565,69.29824561,66.15936247,3,3
JU775,144,13.58695652,12.98076923,11.875,5.940594059,11.09582995,3,3
MY23,145,0,1.657458564,0.769230769,1.503759398,0.982612183,3,3
DL238,150,87.57062147,88.88888889,82.30088496,69.10569106,81.96652159,3,3
NIC236 ,101,4.87804878,2.764976959,1.041666667,4.419889503,3.276145477,4,3
NIC242 ,102,77.55102041,57.89473684,54.83870968,34.45945946,56.1859816,4,3
NIC251 ,103,95.23809524,60.51282051,77.5147929,60.37735849,73.41076679,4,3
NIC252 ,104,30.3030303,16.66666667,4.347826087,34.07821229,21.34893384,4,3
NIC255 ,105,0,,,,0,4,3
NIC256 ,106,3.658536585,1.149425287,1.052631579,0,1.465148363,4,3
NIC258 ,107,4.62962963,4.109589041,6.097560976,6.611570248,5.362087474,4,3
NIC259 ,108,11.66666667,15.2173913,17.72151899,4.705882353,12.32786483,4,3
NIC260 ,109,52.5862069,50,54.7008547,40.84507042,49.533033,4,3
NIC261 ,110,4.464285714,4.819277108,9.375,4.109589041,5.692037966,4,3
NIC262 ,111,0,5.737704918,2.732240437,2.173913043,2.6609646,4,3
NIC265 ,112,4.854368932,4.635761589,4.761904762,3.947368421,4.549850926,4,3
NIC266 ,113,1.666666667,8.510638298,8.771929825,8.426966292,6.84405027,4,3
NIC267 ,114,4.444444444,3.773584906,5.759162304,1.538461538,3.878913298,4,3
NIC268 ,115,16.04938272,23.28767123,16.34615385,15.30612245,17.74733256,4,3
NIC269 ,116,68.75,96.875,52.94117647,80.64516129,74.80283444,4,3
NIC271 ,117,75.86206897,95.23809524,76.34408602,76.97368421,81.10448361,4,3
NIC272 ,118,14.60674157,6,6.201550388,9.90990991,9.179550468,4,3
NIC274 ,119,8.771929825,7.462686567,5.555555556,3.086419753,6.219147925,4,3
NIC275 ,120,6.451612903,0,,,3.225806452,4,3
NIC276 ,121,10.86956522,9.90990991,13.69047619,10,11.11748783,4,3
NIC277 ,122,23.80952381,26.53061224,22.79411765,21.57894737,23.67830027,4,3
PB303 ,123,3.658536585,4.511278195,5.34351145,7.926829268,5.360038875,4,3
PB306 ,124,16.04938272,11.23595506,19.29824561,9.90990991,14.12337332,4,3
PS2025 ,125,0,0,1.639344262,0,0.409836066,4,3
RC301 ,126,6.12244898,2.608695652,0,3.225806452,2.989237771,4,3
PX179 ,127,0,,,,0,4,3
QG536 ,128,67.77777778,69.44444444,31.61290323,30.09708738,49.73305321,4,3
QG556 ,129,2.127659574,0,4.568527919,5.405405405,3.025398225,4,3
QG557 ,130,4.347826087,2.5,8.695652174,3.225806452,4.692321178,4,3
QG2075 ,131,11.29032258,15.18987342,16.03053435,16.47727273,14.74700077,4,3
QW947 ,132,0,0,0,0,0,4,3
QX1211 ,133,4.132231405,3.649635036,2.870813397,5,3.91316996,4,3
QX1212 ,134,63.63636364,65.87301587,60.98654709,55.39568345,61.47290251,4,3
QX1233 ,135,22.72727273,15.45454545,18.06451613,15.07936508,17.83142485,4,3
QX1791 ,136,11.30434783,7.006369427,6.944444444,5.454545455,7.677426788,4,3
QX1792 ,137,68.75,80.17241379,73.7704918,74.44444444,74.28433751,4,3
QX1793 ,138,86.59793814,93.22033898,73.22834646,83.83233533,84.21973973,4,3
QX1794 ,139,5.555555556,4.109589041,13.40206186,5.847953216,7.228789917,4,3
WN2001 ,140,36.48648649,26.37362637,20.45454545,,27.77155277,4,3
WN2002 ,141,11.70212766,13.17829457,11.44578313,8.510638298,11.20921092,4,3
N2,151,2.43902439,3.96039604,7.03125,6.486486486,4.979289229,4,3
CX11307 ,20,1.818181818,0,0,0,0.454545455,4,3
JU830 ,58,2.139037433,0.531914894,0.448430493,1.333333333,1.113179038,4,3
EG4725,143,0.840336134,1.923076923,1.459854015,1.724137931,1.486851251,4,3
JU775,144,0,0,0,0,0,4,3
MY23,145,0,0,0,0,0,4,3
DL238,150,32.65306122,41.35338346,50.625,52.43243243,44.26596928,4,3
NIC236 ,101,0,1.111111111,0.99009901,0.549450549,0.662665168,5,3
NIC242 ,102,8.771929825,14.15929204,3.50877193,1.960784314,7.100194526,5,3
NIC251 ,103,0,0,0,0.561797753,0.140449438,5,3
NIC252 ,104,21.73913043,17.05426357,38.80597015,28.57142857,26.54269818,5,3
NIC255 ,105,5.479452055,7.01754386,10.60606061,11.76470588,8.716940601,5,3
NIC256 ,106,0,0,0,0,0,5,3
NIC258 ,107,0,1.304347826,0,0,0.326086957,5,3
NIC259 ,108,0,0,5.882352941,0,1.470588235,5,3
NIC260 ,109,3.875968992,5.238095238,7.8125,12.94964029,7.46905113,5,3
NIC261 ,110,9.322033898,13.13131313,4.545454545,0,6.749700394,5,3
NIC262 ,111,0,0,0,0,0,5,3
NIC265 ,112,1.418439716,0.862068966,0,0,0.57012717,5,3
NIC266 ,113,6.25,11.02941176,18.95424837,26.02739726,15.56526435,5,3
NIC267 ,114,0,0,0,0,0,5,3
NIC268 ,115,9.345794393,17.31843575,15.02590674,11.9760479,13.4165462,5,3
NIC269 ,116,7.831325301,11.71875,13.79310345,10.6741573,11.00433401,5,3
NIC271 ,117,3.93258427,5.263157895,8.510638298,7.865168539,6.39288725,5,3
NIC272 ,118,6.818181818,6.989247312,4.568527919,5,5.843989262,5,3
NIC274 ,119,25.75757576,18.54304636,13.29113924,31.7535545,22.33632896,5,3
NIC275 ,120,0,0,0,0,0,5,3
NIC276 ,121,1.5625,0,1.136363636,0,0.674715909,5,3
NIC277 ,122,0,0,0,0,0,5,3
PB303 ,123,4.918032787,22.22222222,13.79310345,21.48148148,15.60370998,5,3
PB306 ,124,0,0,0,0,0,5,3
PS2025 ,125,5.172413793,16.31205674,17.00680272,14.01273885,13.12600303,5,3
RC301 ,126,0,2.083333333,0.505050505,0,0.64709596,5,3
PX179 ,127,0,1.754385965,1.764705882,0,0.879772962,5,3
QG536 ,128,2.5,2.43902439,3.149606299,0.995024876,2.270913891,5,3
QG556 ,129,21.42857143,18.86792453,40.54054054,38.83495146,29.91799699,5,3
QG557 ,130,0,0,0,0,0,5,3
QG2075 ,131,0,1.282051282,0,0,0.320512821,5,3
QW947 ,132,12.79069767,11.70212766,4.8,3.96039604,8.313305343,5,3
QX1211 ,133,0,1.025641026,0,0,0.256410256,5,3
QX1212 ,134,4.838709677,4.347826087,8.372093023,1.834862385,4.848372793,5,3
QX1233 ,135,0,0,0,0,0,5,3
QX1791 ,136,1.639344262,6.153846154,6.741573034,3.488372093,4.505783886,5,3
QX1792 ,137,0,0,0,0,0,5,3
QX1793 ,138,50.53763441,53.98230088,71.90082645,54.83870968,57.81486785,5,3
QX1794 ,139,0,0,0,0,0,5,3
WN2001 ,140,51.61290323,75.93984962,76.2962963,68.37606838,68.05627938,5,3
WN2002 ,141,0,0,0,0,0,5,3
N2,151,6.172839506,0,0,0.900900901,1.768435102,5,3
CX11307 ,20,14.9122807,17.07317073,5.769230769,10.92436975,12.16976299,5,3
JU830 ,58,0,0,0,0,0,5,3
EG4725,143,34.19354839,26.77165354,36.8,52.35602094,37.53030572,5,3
JU775,144,1.075268817,5.063291139,1.948051948,0,2.021652976,5,3
MY23,145,0,0,0,0,0,5,3
DL238,150,13.39285714,17.21311475,14.28571429,19.31818182,16.052467,5,3