CHROM,POS,REF,ALT,nt_change,aa_change,gene_name,gene_id,molecular_name,strain,GT,trait,pheno_value,abs_spearman_cor
V,3960141,A,C,c.287T>G,p.Val96Gly,cyp-34A6,WBGene00015041,B0213.11a,CB4856,ALT,phenotype,-1.38151078704793,0.342515551255235
V,3940099,G,A,c.610G>A,p.Ala204Thr,cyp-35B1,WBGene00019472,K07C6.4,CB4856,ALT,phenotype,-1.38151078704793,0.33477794310026
V,3954044,C,T,G,c.6C>G,p.Phe2Leu,str-247,WBGene00006274,B0213.9,CB4856,ALT,phenotype,-1.38151078704793,0.334108256689961
V,3920232,T,G,c.411T>G,p.Cys137Trp,srx-66,WBGene00005957,K07C6.9,CB4856,ALT,phenotype,-1.38151078704793,0.333076428992021
V,3939809,G,C,c.590G>C,p.Ser197Thr,cyp-35B1,WBGene00019472,K07C6.4,CB4856,ALT,phenotype,-1.38151078704793,0.333076428992021
V,3939819,A,T,c.600A>T,p.Arg200Ser,cyp-35B1,WBGene00019472,K07C6.4,CB4856,ALT,phenotype,-1.38151078704793,0.333076428992021
V,3940117,G,T,c.628G>T,p.Ala210Ser,cyp-35B1,WBGene00019472,K07C6.4,CB4856,ALT,phenotype,-1.38151078704793,0.333076428992021
V,3943547,T,G,C,c.634T>G,p.Leu212Val,cyp-35B2,WBGene00019471,K07C6.3,CB4856,ALT,phenotype,-1.38151078704793,0.333076428992021
V,3913781,A,T,G,c.346A>T,p.Ile116Phe,srx-68,WBGene00005959,K07C6.11,CB4856,ALT,phenotype,-1.38151078704793,0.332919509199225
V,3939698,T,A,c.479T>A,p.Leu160Gln,cyp-35B1,WBGene00019472,K07C6.4,CB4856,ALT,phenotype,-1.38151078704793,0.332919509199225
V,3940627,G,A,c.1138G>A,p.Val380Ile,cyp-35B1,WBGene00019472,K07C6.4,CB4856,ALT,phenotype,-1.38151078704793,0.332919509199225
V,3940637,G,C,c.1148G>C,p.Cys383Ser,cyp-35B1,WBGene00019472,K07C6.4,CB4856,ALT,phenotype,-1.38151078704793,0.332919509199225
V,3940783,C,A,c.1294C>A,p.His432Asn,cyp-35B1,WBGene00019472,K07C6.4,CB4856,ALT,phenotype,-1.38151078704793,0.332919509199225
V,3951405,A,C,c.997A>C,p.Ile333Leu,cyp-34A4,WBGene00020386,T09H2.1,CB4856,ALT,phenotype,-1.38151078704793,0.332919509199225
V,3922381,A,T,c.397A>T,p.Ile133Phe,srx-65,WBGene00005956,K07C6.8,CB4856,REF,phenotype,-1.38151078704793,0.326286406016178
V,3930267,A,C,c.589A>C,p.Lys197Gln,srx-64,WBGene00005955,K07C6.7,CB4856,REF,phenotype,-1.38151078704793,0.326286406016178
V,3930628,A,C,c.856A>C,p.Asn286His,srx-64,WBGene00005955,K07C6.7,CB4856,REF,phenotype,-1.38151078704793,0.326286406016178
V,3930634,A,G,c.862A>G,p.Ile288Val,srx-64,WBGene00005955,K07C6.7,CB4856,REF,phenotype,-1.38151078704793,0.326286406016178
V,3930664,A,C,c.892A>C,p.Lys298Gln,srx-64,WBGene00005955,K07C6.7,CB4856,REF,phenotype,-1.38151078704793,0.326286406016178
V,3932853,C,A,T,c.586C>A,p.Leu196Met,srx-63,WBGene00005954,K07C6.6,CB4856,REF,phenotype,-1.38151078704793,0.326286406016178
V,3933043,C,G,c.776C>G,p.Ala259Gly,srx-63,WBGene00005954,K07C6.6,CB4856,REF,phenotype,-1.38151078704793,0.326286406016178
V,3922267,C,G,c.283C>G,p.Leu95Val,srx-65,WBGene00005956,K07C6.8,CB4856,REF,phenotype,-1.38151078704793,0.325977145642321
V,3922360,G,A,c.376G>A,p.Val126Ile,srx-65,WBGene00005956,K07C6.8,CB4856,REF,phenotype,-1.38151078704793,0.325977145642321
V,3922887,C,A,c.805C>A,p.Leu269Ile,srx-65,WBGene00005956,K07C6.8,CB4856,REF,phenotype,-1.38151078704793,0.325977145642321
V,3929895,C,T,c.265C>T,p.Leu89Phe,srx-64,WBGene00005955,K07C6.7,CB4856,REF,phenotype,-1.38151078704793,0.325977145642321
V,3930012,G,T,c.382G>T,p.Gly128Trp,srx-64,WBGene00005955,K07C6.7,CB4856,REF,phenotype,-1.38151078704793,0.325977145642321
V,3930015,A,G,c.385A>G,p.Thr129Ala,srx-64,WBGene00005955,K07C6.7,CB4856,REF,phenotype,-1.38151078704793,0.325977145642321
V,3930156,G,A,c.478G>A,p.Glu160Lys,srx-64,WBGene00005955,K07C6.7,CB4856,REF,phenotype,-1.38151078704793,0.325977145642321
V,3930421,G,C,c.693G>C,p.Leu231Phe,srx-64,WBGene00005955,K07C6.7,CB4856,REF,phenotype,-1.38151078704793,0.325977145642321
V,3931681,C,T,c.56C>T,p.Ala19Val,srx-63,WBGene00005954,K07C6.6,CB4856,REF,phenotype,-1.38151078704793,0.325977145642321
V,3932502,C,A,c.286C>A,p.Leu96Ile,srx-63,WBGene00005954,K07C6.6,CB4856,REF,phenotype,-1.38151078704793,0.325977145642321
V,3932589,T,G,c.373T>G,p.Leu125Val,srx-63,WBGene00005954,K07C6.6,CB4856,REF,phenotype,-1.38151078704793,0.325977145642321
V,3932607,T,G,c.391T>G,p.Ser131Ala,srx-63,WBGene00005954,K07C6.6,CB4856,REF,phenotype,-1.38151078704793,0.325977145642321
V,3932780,T,C,A,c.513T>A,p.Phe171Leu,srx-63,WBGene00005954,K07C6.6,CB4856,REF,phenotype,-1.38151078704793,0.325977145642321
V,3937794,C,T,c.895C>T,p.Leu299Phe,cyp-35A5,WBGene00019473,K07C6.5,CB4856,REF,phenotype,-1.38151078704793,0.325977145642321
V,3942536,G,A,c.281G>A,p.Arg94Lys,cyp-35B2,WBGene00019471,K07C6.3,CB4856,ALT,phenotype,-1.38151078704793,0.32276351389055
V,3942542,T,A,c.287T>A,p.Ile96Lys,cyp-35B2,WBGene00019471,K07C6.3,CB4856,ALT,phenotype,-1.38151078704793,0.32276351389055
V,3940414,A,T,c.925A>T,p.Thr309Ser,cyp-35B1,WBGene00019472,K07C6.4,CB4856,ALT,phenotype,-1.38151078704793,0.315540446536604
V,3940492,C,T,c.1003C>T,p.Leu335Phe,cyp-35B1,WBGene00019472,K07C6.4,CB4856,ALT,phenotype,-1.38151078704793,0.315540446536604
V,3940506,T,A,c.1017T>A,p.Asp339Glu,cyp-35B1,WBGene00019472,K07C6.4,CB4856,ALT,phenotype,-1.38151078704793,0.315540446536604
V,3940522,G,A,c.1033G>A,p.Glu345Lys,cyp-35B1,WBGene00019472,K07C6.4,CB4856,ALT,phenotype,-1.38151078704793,0.315540446536604
V,3943541,T,G,c.628T>G,p.Ser210Ala,cyp-35B2,WBGene00019471,K07C6.3,CB4856,ALT,phenotype,-1.38151078704793,0.313586635722135
V,3942222,T,C,c.8T>C,p.Val3Ala,cyp-35B2,WBGene00019471,K07C6.3,CB4856,ALT,phenotype,-1.38151078704793,0.313439563117616
V,3958790,C,T,c.1035G>A,p.Met345Ile,cyp-34A6,WBGene00015041,B0213.11a,CB4856,ALT,phenotype,-1.38151078704793,0.312070282578513
V,3958846,A,G,c.979T>C,p.Tyr327His,cyp-34A6,WBGene00015041,B0213.11a,CB4856,ALT,phenotype,-1.38151078704793,0.312070282578513
V,3958852,T,A,c.973A>T,p.Met325Leu,cyp-34A6,WBGene00015041,B0213.11a,CB4856,ALT,phenotype,-1.38151078704793,0.312070282578513
V,3958872,C,G,c.953G>C,p.Cys318Ser,cyp-34A6,WBGene00015041,B0213.11a,CB4856,ALT,phenotype,-1.38151078704793,0.312070282578513
V,3959524,C,A,c.793G>T,p.Val265Phe,cyp-34A6,WBGene00015041,B0213.11a,CB4856,ALT,phenotype,-1.38151078704793,0.311438478315443
V,3958514,C,T,c.1265G>A,p.Arg422Lys,cyp-34A6,WBGene00015041,B0213.11a,CB4856,ALT,phenotype,-1.38151078704793,0.3069084640854
V,3922391,C,T,c.407C>T,p.Thr136Ile,srx-65,WBGene00005956,K07C6.8,CB4856,REF,phenotype,-1.38151078704793,0.306706500666387
V,3995029,A,T,c.700T>A,p.Leu234Met,srx-62,WBGene00005953,K09D9.10,CB4856,REF,phenotype,-1.38151078704793,0.302830839442866
V,3995667,G,A,c.208C>T,p.Leu70Phe,srx-62,WBGene00005953,K09D9.10,CB4856,REF,phenotype,-1.38151078704793,0.302830839442866
V,3995711,C,G,c.164G>C,p.Gly55Ala,srx-62,WBGene00005953,K09D9.10,CB4856,REF,phenotype,-1.38151078704793,0.302830839442866
V,3997407,A,C,c.2353T>G,p.Ser785Ala,NA,WBGene00019568,K09D9.11,CB4856,REF,phenotype,-1.38151078704793,0.302830839442866
V,3997652,G,T,A,c.2157C>A,p.His719Gln,NA,WBGene00019568,K09D9.11,CB4856,REF,phenotype,-1.38151078704793,0.302830839442866
V,3997663,G,T,c.2146C>A,p.Leu716Ile,NA,WBGene00019568,K09D9.11,CB4856,REF,phenotype,-1.38151078704793,0.302830839442866
V,3998705,A,C,c.1981T>G,p.Ser661Ala,NA,WBGene00019568,K09D9.11,CB4856,REF,phenotype,-1.38151078704793,0.302830839442866
V,3998956,A,C,c.1773T>G,p.Ile591Met,NA,WBGene00019568,K09D9.11,CB4856,REF,phenotype,-1.38151078704793,0.302830839442866
V,4000272,T,C,c.682A>G,p.Lys228Glu,NA,WBGene00019568,K09D9.11,CB4856,REF,phenotype,-1.38151078704793,0.302830839442866
V,4000740,T,C,c.627A>G,p.Ile209Met,NA,WBGene00019568,K09D9.11,CB4856,REF,phenotype,-1.38151078704793,0.302830839442866
V,4000945,A,G,c.422T>C,p.Met141Thr,NA,WBGene00019568,K09D9.11,CB4856,REF,phenotype,-1.38151078704793,0.302830839442866
V,4006627,A,G,c.277A>G,p.Ile93Val,srh-8,WBGene00005234,K09D9.8,CB4856,REF,phenotype,-1.38151078704793,0.302830839442866
V,4006733,T,A,c.383T>A,p.Ile128Lys,srh-8,WBGene00005234,K09D9.8,CB4856,REF,phenotype,-1.38151078704793,0.302830839442866
V,4006742,G,A,c.392G>A,p.Arg131Lys,srh-8,WBGene00005234,K09D9.8,CB4856,REF,phenotype,-1.38151078704793,0.302830839442866
V,4031633,G,T,c.7G>T,p.Val3Phe,cyp-35A4,WBGene00016786,C49G7.8,CB4856,REF,phenotype,-1.38151078704793,0.302571542210317
V,3904381,G,A,c.838G>A,p.Val280Ile,srh-190,WBGene00005404,C17E7.2,CB4856,REF,phenotype,-1.38151078704793,0.292023960148368
V,3904474,A,T,c.931A>T,p.Ile311Phe,srh-190,WBGene00005404,C17E7.2,CB4856,REF,phenotype,-1.38151078704793,0.292023960148368
V,3904498,T,C,c.955T>C,p.Ser319Pro,srh-190,WBGene00005404,C17E7.2,CB4856,REF,phenotype,-1.38151078704793,0.292023960148368
V,3804117,C,A,c.927G>T,p.Arg309Ser,NA,WBGene00019968,R08F11.4,CB4856,ALT,phenotype,-1.38151078704793,0.284838836348584
V,3804483,T,C,c.607A>G,p.Lys203Glu,NA,WBGene00019968,R08F11.4,CB4856,ALT,phenotype,-1.38151078704793,0.284838836348584
V,3805371,A,G,c.86T>C,p.Val29Ala,NA,WBGene00019968,R08F11.4,CB4856,ALT,phenotype,-1.38151078704793,0.284838836348584
V,3805381,A,G,c.76T>C,p.Phe26Leu,NA,WBGene00019968,R08F11.4,CB4856,ALT,phenotype,-1.38151078704793,0.284838836348584
V,3807085,C,T,c.722C>T,p.Thr241Ile,srw-7,WBGene00005754,R08F11.5,CB4856,ALT,phenotype,-1.38151078704793,0.284838836348584
V,3807684,A,G,c.1078A>G,p.Ile360Val,srw-7,WBGene00005754,R08F11.5,CB4856,ALT,phenotype,-1.38151078704793,0.284838836348584
V,3808759,T,C,c.124T>C,p.Tyr42His,srw-6,WBGene00005753,H10D18.3,CB4856,ALT,phenotype,-1.38151078704793,0.284838836348584
V,3808771,T,G,c.136T>G,p.Ser46Ala,srw-6,WBGene00005753,H10D18.3,CB4856,ALT,phenotype,-1.38151078704793,0.284838836348584
V,3308505,C,A,c.37C>A,p.Pro13Thr,srbc-3,WBGene00018053,F35F10.2,CB4856,REF,phenotype,-1.38151078704793,0.283730158730159
V,3944353,A,G,c.1396A>G,p.Asn466Asp,cyp-35B2,WBGene00019471,K07C6.3,CB4856,ALT,phenotype,-1.38151078704793,0.283185880543753
V,3999232,A,C,c.1547T>G,p.Val516Gly,NA,WBGene00019568,K09D9.11,CB4856,REF,phenotype,-1.38151078704793,0.28279379044494
V,3944206,G,T,A,c.1293G>T,p.Leu431Phe,cyp-35B2,WBGene00019471,K07C6.3,CB4856,ALT,phenotype,-1.38151078704793,0.282160181289738
V,3944360,G,A,c.1403G>A,p.Arg468Lys,cyp-35B2,WBGene00019471,K07C6.3,CB4856,ALT,phenotype,-1.38151078704793,0.282160181289738
V,3945386,A,G,c.34A>G,p.Thr12Ala,cyp-35B3,WBGene00019470,K07C6.2,CB4856,ALT,phenotype,-1.38151078704793,0.282160181289738
V,3945407,A,T,c.55A>T,p.Asn19Tyr,cyp-35B3,WBGene00019470,K07C6.2,CB4856,ALT,phenotype,-1.38151078704793,0.282160181289738
V,3945414,T,A,c.62T>A,p.Leu21Gln,cyp-35B3,WBGene00019470,K07C6.2,CB4856,ALT,phenotype,-1.38151078704793,0.282160181289738
V,3945441,T,C,c.89T>C,p.Ile30Thr,cyp-35B3,WBGene00019470,K07C6.2,CB4856,ALT,phenotype,-1.38151078704793,0.282160181289738
V,3945455,A,G,c.103A>G,p.Ile35Val,cyp-35B3,WBGene00019470,K07C6.2,CB4856,ALT,phenotype,-1.38151078704793,0.282160181289738
V,3945497,G,A,c.145G>A,p.Glu49Lys,cyp-35B3,WBGene00019470,K07C6.2,CB4856,ALT,phenotype,-1.38151078704793,0.282160181289738
V,3945691,C,T,c.295C>T,p.Leu99Phe,cyp-35B3,WBGene00019470,K07C6.2,CB4856,ALT,phenotype,-1.38151078704793,0.282160181289738
V,3946096,C,A,c.604C>A,p.Leu202Ile,cyp-35B3,WBGene00019470,K07C6.2,CB4856,ALT,phenotype,-1.38151078704793,0.282160181289738
V,3946105,A,C,c.613A>C,p.Ile205Leu,cyp-35B3,WBGene00019470,K07C6.2,CB4856,ALT,phenotype,-1.38151078704793,0.282160181289738
V,3946249,A,G,c.757A>G,p.Lys253Glu,cyp-35B3,WBGene00019470,K07C6.2,CB4856,ALT,phenotype,-1.38151078704793,0.282160181289738
V,3946260,C,A,c.768C>A,p.Asp256Glu,cyp-35B3,WBGene00019470,K07C6.2,CB4856,ALT,phenotype,-1.38151078704793,0.282160181289738
V,3946745,A,T,G,c.1253A>T,p.Lys418Met,cyp-35B3,WBGene00019470,K07C6.2,CB4856,ALT,phenotype,-1.38151078704793,0.282160181289738
V,3947016,C,A,c.1472C>A,p.Thr491Asn,cyp-35B3,WBGene00019470,K07C6.2,CB4856,ALT,phenotype,-1.38151078704793,0.282160181289738
V,3947021,G,C,c.1477G>C,p.Glu493Gln,cyp-35B3,WBGene00019470,K07C6.2,CB4856,ALT,phenotype,-1.38151078704793,0.282160181289738
V,3947023,A,T,c.1479A>T,p.Glu493Asp,cyp-35B3,WBGene00019470,K07C6.2,CB4856,ALT,phenotype,-1.38151078704793,0.282160181289738
V,3906372,T,A,c.176T>A,p.Met59Lys,nhr-156,WBGene00015897,C17E7.1,CB4856,ALT,phenotype,-1.38151078704793,0.281145176523233
V,3907851,T,A,c.59T>A,p.Val20Glu,nhr-284,WBGene00020606,T20C7.2,CB4856,ALT,phenotype,-1.38151078704793,0.281145176523233
V,3908363,C,G,c.468C>G,p.Phe156Leu,nhr-284,WBGene00020606,T20C7.2,CB4856,ALT,phenotype,-1.38151078704793,0.281145176523233
V,3917618,T,A,c.211T>A,p.Leu71Ile,srx-67,WBGene00005958,K07C6.10,CB4856,ALT,phenotype,-1.38151078704793,0.281145176523233
V,3917724,T,G,c.317T>G,p.Leu106Trp,srx-67,WBGene00005958,K07C6.10,CB4856,ALT,phenotype,-1.38151078704793,0.281145176523233
V,3917745,T,A,c.338T>A,p.Ile113Lys,srx-67,WBGene00005958,K07C6.10,CB4856,ALT,phenotype,-1.38151078704793,0.281145176523233
V,3937053,T,A,c.346T>A,p.Cys116Ser,cyp-35A5,WBGene00019473,K07C6.5,CB4856,ALT,phenotype,-1.38151078704793,0.281145176523233
V,3940591,G,T,c.1102G>T,p.Ala368Ser,cyp-35B1,WBGene00019472,K07C6.4,CB4856,ALT,phenotype,-1.38151078704793,0.281145176523233
V,3940624,A,G,c.1135A>G,p.Ile379Val,cyp-35B1,WBGene00019472,K07C6.4,CB4856,ALT,phenotype,-1.38151078704793,0.281145176523233
V,3941119,A,C,c.1582A>C,p.Lys528Gln,cyp-35B1,WBGene00019472,K07C6.4,CB4856,ALT,phenotype,-1.38151078704793,0.281145176523233
V,3941155,T,A,c.1618T>A,p.Ser540Thr,cyp-35B1,WBGene00019472,K07C6.4,CB4856,ALT,phenotype,-1.38151078704793,0.281145176523233
V,3942244,G,T,c.30G>T,p.Leu10Phe,cyp-35B2,WBGene00019471,K07C6.3,CB4856,ALT,phenotype,-1.38151078704793,0.281145176523233
V,3942245,A,C,c.31A>C,p.Ile11Leu,cyp-35B2,WBGene00019471,K07C6.3,CB4856,ALT,phenotype,-1.38151078704793,0.281145176523233
V,3942257,G,A,c.43G>A,p.Val15Ile,cyp-35B2,WBGene00019471,K07C6.3,CB4856,ALT,phenotype,-1.38151078704793,0.281145176523233
V,3942302,G,A,c.88G>A,p.Val30Ile,cyp-35B2,WBGene00019471,K07C6.3,CB4856,ALT,phenotype,-1.38151078704793,0.281145176523233
V,3945824,G,A,c.376G>A,p.Gly126Arg,cyp-35B3,WBGene00019470,K07C6.2,CB4856,ALT,phenotype,-1.38151078704793,0.281145176523233
V,3950069,C,T,c.4C>T,p.Leu2Phe,cyp-34A4,WBGene00020386,T09H2.1,CB4856,ALT,phenotype,-1.38151078704793,0.281145176523233
V,3950123,A,G,c.58A>G,p.Ile20Val,cyp-34A4,WBGene00020386,T09H2.1,CB4856,ALT,phenotype,-1.38151078704793,0.281145176523233
V,3950137,T,G,c.72T>G,p.Asn24Lys,cyp-34A4,WBGene00020386,T09H2.1,CB4856,ALT,phenotype,-1.38151078704793,0.281145176523233
V,3950252,C,A,c.142C>A,p.His48Asn,cyp-34A4,WBGene00020386,T09H2.1,CB4856,ALT,phenotype,-1.38151078704793,0.281145176523233
V,3950262,C,T,c.152C>T,p.Ala51Val,cyp-34A4,WBGene00020386,T09H2.1,CB4856,ALT,phenotype,-1.38151078704793,0.281145176523233
V,3950267,T,C,c.157T>C,p.Ser53Pro,cyp-34A4,WBGene00020386,T09H2.1,CB4856,ALT,phenotype,-1.38151078704793,0.281145176523233
V,3951223,A,T,c.861A>T,p.Glu287Asp,cyp-34A4,WBGene00020386,T09H2.1,CB4856,ALT,phenotype,-1.38151078704793,0.281145176523233
V,3951406,T,A,c.998T>A,p.Ile333Asn,cyp-34A4,WBGene00020386,T09H2.1,CB4856,ALT,phenotype,-1.38151078704793,0.281145176523233
V,3951697,C,A,c.1237C>A,p.Gln413Lys,cyp-34A4,WBGene00020386,T09H2.1,CB4856,ALT,phenotype,-1.38151078704793,0.281145176523233
V,3951830,C,T,c.1370C>T,p.Thr457Ile,cyp-34A4,WBGene00020386,T09H2.1,CB4856,ALT,phenotype,-1.38151078704793,0.281145176523233
V,3954192,C,T,A,c.154C>A,p.Leu52Met,str-247,WBGene00006274,B0213.9,CB4856,ALT,phenotype,-1.38151078704793,0.281145176523233
V,3954288,A,G,c.250A>G,p.Asn84Asp,str-247,WBGene00006274,B0213.9,CB4856,ALT,phenotype,-1.38151078704793,0.281145176523233
V,3954767,G,T,c.506G>T,p.Arg169Ile,str-247,WBGene00006274,B0213.9,CB4856,ALT,phenotype,-1.38151078704793,0.281145176523233
V,3954955,C,T,c.641C>T,p.Ser214Leu,str-247,WBGene00006274,B0213.9,CB4856,ALT,phenotype,-1.38151078704793,0.281145176523233
V,3955337,A,G,c.980A>G,p.Asp327Gly,str-247,WBGene00006274,B0213.9,CB4856,ALT,phenotype,-1.38151078704793,0.281145176523233
V,3955347,T,G,A,c.990T>G,p.His330Gln,str-247,WBGene00006274,B0213.9,CB4856,ALT,phenotype,-1.38151078704793,0.281145176523233
V,3956150,G,T,c.1164C>A,p.Asp388Glu,cyp-34A5,WBGene00015040,B0213.10,CB4856,ALT,phenotype,-1.38151078704793,0.281145176523233
V,3956344,T,C,c.1023A>G,p.Ile341Met,cyp-34A5,WBGene00015040,B0213.10,CB4856,ALT,phenotype,-1.38151078704793,0.281145176523233
V,3956346,T,C,c.1021A>G,p.Ile341Val,cyp-34A5,WBGene00015040,B0213.10,CB4856,ALT,phenotype,-1.38151078704793,0.281145176523233
V,3956352,T,C,c.1015A>G,p.Ile339Val,cyp-34A5,WBGene00015040,B0213.10,CB4856,ALT,phenotype,-1.38151078704793,0.281145176523233
V,3956780,T,G,c.685A>C,p.Ile229Leu,cyp-34A5,WBGene00015040,B0213.10,CB4856,ALT,phenotype,-1.38151078704793,0.281145176523233
V,3957615,C,T,c.68G>A,p.Arg23Gln,cyp-34A5,WBGene00015040,B0213.10,CB4856,ALT,phenotype,-1.38151078704793,0.281145176523233
V,3963493,G,T,c.277C>A,p.His93Asn,cyp-34A7,WBGene00015042,B0213.12,CB4856,ALT,phenotype,-1.38151078704793,0.281145176523233
V,3966589,T,G,c.1085A>C,p.Asn362Thr,cyp-34A8,WBGene00015043,B0213.14,CB4856,ALT,phenotype,-1.38151078704793,0.281145176523233
V,3970882,C,A,c.1390G>T,p.Val464Phe,cyp-34A10,WBGene00015045,B0213.16,CB4856,ALT,phenotype,-1.38151078704793,0.281145176523233
V,3942501,T,G,A,c.246T>G,p.Asp82Glu,cyp-35B2,WBGene00019471,K07C6.3,CB4856,ALT,phenotype,-1.38151078704793,0.281061406617187
V,3943908,G,A,c.995G>A,p.Arg332Lys,cyp-35B2,WBGene00019471,K07C6.3,CB4856,ALT,phenotype,-1.38151078704793,0.274510419432773
V,4049235,G,A,c.874G>A,p.Ala292Thr,srh-169,WBGene00005385,C49G7.2,CB4856,REF,phenotype,-1.38151078704793,0.273547927520352
V,3914419,A,G,T,c.828A>T,p.Lys276Asn,srx-68,WBGene00005959,K07C6.11,CB4856,REF,phenotype,-1.38151078704793,0.27081106852557
V,3920772,C,G,T,c.854C>G,p.Ser285Cys,srx-66,WBGene00005957,K07C6.9,CB4856,REF,phenotype,-1.38151078704793,0.27081106852557
V,3922561,G,A,c.526G>A,p.Val176Met,srx-65,WBGene00005956,K07C6.8,CB4856,REF,phenotype,-1.38151078704793,0.27081106852557
V,3929967,A,C,c.337A>C,p.Asn113His,srx-64,WBGene00005955,K07C6.7,CB4856,REF,phenotype,-1.38151078704793,0.27081106852557
V,3930450,G,A,c.722G>A,p.Arg241Gln,srx-64,WBGene00005955,K07C6.7,CB4856,REF,phenotype,-1.38151078704793,0.27081106852557
V,3930580,C,A,c.808C>A,p.Leu270Ile,srx-64,WBGene00005955,K07C6.7,CB4856,REF,phenotype,-1.38151078704793,0.27081106852557
V,3931696,C,T,c.71C>T,p.Thr24Ile,srx-63,WBGene00005954,K07C6.6,CB4856,REF,phenotype,-1.38151078704793,0.27081106852557
V,3931725,G,A,C,c.100G>A,p.Val34Ile,srx-63,WBGene00005954,K07C6.6,CB4856,REF,phenotype,-1.38151078704793,0.27081106852557
V,3931797,T,A,C,c.172T>A,p.Leu58Met,srx-63,WBGene00005954,K07C6.6,CB4856,REF,phenotype,-1.38151078704793,0.27081106852557
V,3932568,T,C,c.352T>C,p.Ser118Pro,srx-63,WBGene00005954,K07C6.6,CB4856,REF,phenotype,-1.38151078704793,0.27081106852557
V,3932622,G,T,c.406G>T,p.Gly136Cys,srx-63,WBGene00005954,K07C6.6,CB4856,REF,phenotype,-1.38151078704793,0.27081106852557
V,3932883,T,G,c.616T>G,p.Leu206Val,srx-63,WBGene00005954,K07C6.6,CB4856,REF,phenotype,-1.38151078704793,0.27081106852557
V,3932893,A,G,c.626A>G,p.Gln209Arg,srx-63,WBGene00005954,K07C6.6,CB4856,REF,phenotype,-1.38151078704793,0.27081106852557
V,3936930,G,A,c.292G>A,p.Val98Ile,cyp-35A5,WBGene00019473,K07C6.5,CB4856,REF,phenotype,-1.38151078704793,0.27081106852557
V,3937354,G,A,c.601G>A,p.Asp201Asn,cyp-35A5,WBGene00019473,K07C6.5,CB4856,REF,phenotype,-1.38151078704793,0.27081106852557
V,3937356,C,A,c.603C>A,p.Asp201Glu,cyp-35A5,WBGene00019473,K07C6.5,CB4856,REF,phenotype,-1.38151078704793,0.27081106852557
V,3937919,A,C,c.1020A>C,p.Glu340Asp,cyp-35A5,WBGene00019473,K07C6.5,CB4856,REF,phenotype,-1.38151078704793,0.27081106852557
V,3938303,C,T,c.1363C>T,p.Leu455Phe,cyp-35A5,WBGene00019473,K07C6.5,CB4856,REF,phenotype,-1.38151078704793,0.27081106852557
V,3939133,T,A,c.7T>A,p.Phe3Ile,cyp-35B1,WBGene00019472,K07C6.4,CB4856,REF,phenotype,-1.38151078704793,0.27081106852557
V,3939163,G,A,c.37G>A,p.Val13Ile,cyp-35B1,WBGene00019472,K07C6.4,CB4856,REF,phenotype,-1.38151078704793,0.27081106852557
V,3977319,T,C,c.56T>C,p.Phe19Ser,str-83,WBGene00006142,B0213.7,CB4856,REF,phenotype,-1.38151078704793,0.27081106852557
V,3977530,C,A,c.215C>A,p.Thr72Asn,str-83,WBGene00006142,B0213.7,CB4856,REF,phenotype,-1.38151078704793,0.27081106852557
V,3987967,T,G,c.34T>G,p.Phe12Val,nlp-28,WBGene00003766,B0213.3,CB4856,REF,phenotype,-1.38151078704793,0.27081106852557
V,3993785,C,T,c.299G>A,p.Arg100Lys,NA,WBGene00019567,K09D9.9,CB4856,REF,phenotype,-1.38151078704793,0.27081106852557
V,3997389,G,T,c.2371C>A,p.Leu791Ile,NA,WBGene00019568,K09D9.11,CB4856,REF,phenotype,-1.38151078704793,0.270317593807663
V,4001440,C,A,c.26G>T,p.Arg9Leu,NA,WBGene00019568,K09D9.11,CB4856,REF,phenotype,-1.38151078704793,0.270317593807663
V,4001461,T,C,c.5A>G,p.His2Arg,NA,WBGene00019568,K09D9.11,CB4856,REF,phenotype,-1.38151078704793,0.270317593807663
