strain	resid	mph	sph	m.p
ED3046	48.2745680479016	49.3427180283176	21.8864893854459	51.4194231464427
ED3046	80.1186990223456	49.3427180283176	21.8864893854459	51.4194231464427
ED3046	26.8735575067897	49.3427180283176	21.8864893854459	51.4194231464427
ED3046	50.4108680087337	49.3427180283176	21.8864893854459	51.4194231464427
NIC260	41.3303253964607	38.1011645931268	23.3318809868859	40.8011295747008
NIC260	46.2010595378488	38.1011645931268	23.3318809868859	40.8011295747008
NIC260	34.8720037897928	38.1011645931268	23.3318809868859	40.8011295747008
NIC274	66.1330959739607	42.9104745793768	23.5924667107436	40.4727067292378
NIC274	37.1212715309047	42.9104745793768	23.5924667107436	40.4727067292378
NIC274	48.6996776278488	42.9104745793768	23.5924667107436	40.4727067292378
NIC274	9.93678178423687	42.9104745793768	23.5924667107436	40.4727067292378
NIC199	39.8483852234311	39.8483852234311	4.27386777853753	39.7219116660232
NIC199	35.3862108303752	39.8483852234311	4.27386777853753	39.7219116660232
NIC199	43.9311389442633	39.8483852234311	4.27386777853753	39.7219116660232
QX1793	53.7805386564607	45.4153206742369	39.7274539374239	39.2445042733973
QX1793	-11.7765527494012	45.4153206742369	39.7274539374239	39.2445042733973
QX1793	69.5587105122928	45.4153206742369	39.7274539374239	39.2445042733973
QX1793	45.4153206742369	45.4153206742369	39.7274539374239	39.2445042733973
WN2001	21.6571354239607	36.8694875681267	13.9194063261833	37.7632106904878
WN2001	36.6846054209047	36.8694875681267	13.9194063261833	37.7632106904878
WN2001	37.0543697153488	36.8694875681267	13.9194063261833	37.7632106904878
WN2001	55.6567322017369	36.8694875681267	13.9194063261833	37.7632106904878
DL238	40.2931739679016	34.1616860353494	6.1304880053804	32.6968075302388
DL238	27.9023992423456	34.1616860353494	6.1304880053804	32.6968075302388
DL238	27.4262662067897	34.1616860353494	6.1304880053804	32.6968075302388
DL238	36.4719758462337	34.1616860353494	6.1304880053804	32.6968075302388
DL238	30.9412269234311	34.1616860353494	6.1304880053804	32.6968075302388
DL238	27.6172634378752	34.1616860353494	6.1304880053804	32.6968075302388
DL238	38.3874575448192	34.1616860353494	6.1304880053804	32.6968075302388
DL238	34.5059223514607	34.1616860353494	6.1304880053804	32.6968075302388
DL238	33.8174497192381	34.1616860353494	6.1304880053804	32.6968075302388
DL238	29.6049400622928	34.1616860353494	6.1304880053804	32.6968075302388
NIC276	68.4352629939607	42.7479002103488	37.4960376414261	31.9251640506488
NIC276	63.7110297059047	42.7479002103488	37.4960376414261	31.9251640506488
NIC276	42.7479002103488	42.7479002103488	37.4960376414261	31.9251640506488
NIC276	-3.54354138520718	42.7479002103488	37.4960376414261	31.9251640506488
NIC276	-11.7248312717631	42.7479002103488	37.4960376414261	31.9251640506488
QG556	33.7947179739607	30.8037581386827	12.7869509796348	31.8140748448628
QG556	27.8127983034047	30.8037581386827	12.7869509796348	31.8140748448628
QG556	48.1303332928488	30.8037581386827	12.7869509796348	31.8140748448628
QG556	17.5184498092369	30.8037581386827	12.7869509796348	31.8140748448628
PB303	64.7513247714607	27.2618973084047	33.2911954859489	29.3718209645988
PB303	27.2618973084047	27.2618973084047	33.2911954859489	29.3718209645988
PB303	60.9427102803488	27.2618973084047	33.2911954859489	29.3718209645988
PB303	-9.30099034070718	27.2618973084047	33.2911954859489	29.3718209645988
PB303	3.20416280348687	27.2618973084047	33.2911954859489	29.3718209645988
EG4725	25.0736693329016	26.5475601373456	8.87385172583554	25.2899816179887
EG4725	26.5475601373456	26.5475601373456	8.87385172583554	25.2899816179887
EG4725	21.4360717392897	26.5475601373456	8.87385172583554	25.2899816179887
EG4725	21.9471631587337	26.5475601373456	8.87385172583554	25.2899816179887
EG4725	30.1775223884311	26.5475601373456	8.87385172583554	25.2899816179887
EG4725	30.4050309578752	26.5475601373456	8.87385172583554	25.2899816179887
EG4725	19.1936161037073	26.5475601373456	8.87385172583554	25.2899816179887
EG4725	19.8658434164607	26.5475601373456	8.87385172583554	25.2899816179887
EG4725	33.1225804084047	26.5475601373456	8.87385172583554	25.2899816179887
EG4725	25.1307585367369	26.5475601373456	8.87385172583554	25.2899816179887
QX1212	35.7275323009047	23.5876935028488	28.9451841080852	24.6439811783208
QX1212	23.5876935028488	23.5876935028488	28.9451841080852	24.6439811783208
QX1212	46.8118732972928	23.5876935028488	28.9451841080852	24.6439811783208
QX1212	-7.55117438776313	23.5876935028488	28.9451841080852	24.6439811783208
ED3049	40.3436013904016	14.8698365223456	20.9224517422508	21.1581255188897
ED3049	14.8698365223456	14.8698365223456	20.9224517422508	21.1581255188897
ED3049	-0.44014664446032	14.8698365223456	20.9224517422508	21.1581255188897
ED3049	45.9907466912337	14.8698365223456	20.9224517422508	21.1581255188897
ED3049	5.02658963492777	14.8698365223456	20.9224517422508	21.1581255188897
RC301	54.3831445914607	9.94222580534877	33.8342440234258	19.3536025399488
RC301	55.8668849684047	9.94222580534877	33.8342440234258	19.3536025399488
RC301	9.94222580534877	9.94222580534877	33.8342440234258	19.3536025399488
RC301	-11.6717914442072	9.94222580534877	33.8342440234258	19.3536025399488
RC301	-11.7524512212631	9.94222580534877	33.8342440234258	19.3536025399488
NIC252	28.9485266628488	21.5458388310428	22.1958594379141	16.5931940945428
NIC252	6.68790462154282	21.5458388310428	22.1958594379141	16.5931940945428
NIC252	14.1431509992369	21.5458388310428	22.1958594379141	16.5931940945428
NIC166	11.6875546759311	11.6875546759311	18.5319434594977	10.8722384978192
NIC166	29.4297353353752	11.6875546759311	18.5319434594977	10.8722384978192
NIC166	-10.0490042476808	11.6875546759311	18.5319434594977	10.8722384978192
NIC166	28.8189469042633	11.6875546759311	18.5319434594977	10.8722384978192
NIC166	-5.52604017879268	11.6875546759311	18.5319434594977	10.8722384978192
NIC268	7.93102644896068	7.93102644896068	15.9270606391019	10.1645596297723
NIC268	28.6239097078488	7.93102644896068	15.9270606391019	10.1645596297723
NIC268	3.08630334729282	7.93102644896068	15.9270606391019	10.1645596297723
NIC268	1.01699901498687	7.93102644896068	15.9270606391019	10.1645596297723
ED3048	-5.90032158009841	9.08210865734563	11.9704058273745	9.19815741368968
ED3048	9.08210865734563	9.08210865734563	11.9704058273745	9.19815741368968
ED3048	17.7685515217897	9.08210865734563	11.9704058273745	9.19815741368968
ED3048	23.6929816462337	9.08210865734563	11.9704058273745	9.19815741368968
ED3048	1.34746682317777	9.08210865734563	11.9704058273745	9.19815741368968
ED3040	-1.12213960659841	8.33174290070575	6.89933588603407	7.81383502427569
ED3040	15.7139939022897	8.33174290070575	6.89933588603407	7.81383502427569
ED3040	8.30094544523373	8.33174290070575	6.89933588603407	7.81383502427569
ED3040	8.36254035617778	8.33174290070575	6.89933588603407	7.81383502427569
JU2522	4.62842850843113	4.62842850843113	19.2203674693753	7.70784976986774
JU2522	-2.13272388593077	4.62842850843113	19.2203674693753	7.70784976986774
JU2522	31.8813575942633	4.62842850843113	19.2203674693753	7.70784976986774
JU2522	-3.54566313729268	4.62842850843113	19.2203674693753	7.70784976986774
JU1395	14.2609731684311	6.49223005875018	10.5072966421138	5.57119215136774
JU1395	-1.27651305093077	6.49223005875018	10.5072966421138	5.57119215136774
JU1395	14.8263486667633	6.49223005875018	10.5072966421138	5.57119215136774
JU1395	-5.52604017879268	6.49223005875018	10.5072966421138	5.57119215136774
PS2025	6.43183657090473	3.5791462079458	14.3970110396597	3.3628191710083
PS2025	20.5441774178488	3.5791462079458	14.3970110396597	3.3628191710083
PS2025	-14.2511931497072	3.5791462079458	14.3970110396597	3.3628191710083
PS2025	0.72645584498687	3.5791462079458	14.3970110396597	3.3628191710083
ED3011	1.01382089903968	2.6471984328867	3.87426234764246	3.31876016548373
ED3011	4.28057596673373	2.6471984328867	3.87426234764246	3.31876016548373
ED3011	4.66188363067777	2.6471984328867	3.87426234764246	3.31876016548373
JU1581	3.92964104593113	3.09327836315316	1.18279544904736	3.09327836315316
JU1581	2.25691568037518	3.09327836315316	1.18279544904736	3.09327836315316
CX11292	3.02825417609563	2.1878604996367	2.14451774509706	2.66774278633571
CX11292	3.62750735973373	2.1878604996367	2.14451774509706	2.66774278633571
CX11292	1.34746682317777	2.1878604996367	2.14451774509706	2.66774278633571
CB4853	4.44986350603968	2.89866516460873	5.44980809685932	1.62777170598373
CB4853	-0.914015211266272	2.89866516460873	5.44980809685932	1.62777170598373
CB4853	1.34746682317777	2.89866516460873	5.44980809685932	1.62777170598373
MY16	-1.29883256240437	1.4695186471367	3.1624761497401	1.5359017105117
MY16	-1.09496724196032	1.4695186471367	3.1624761497401	1.5359017105117
MY16	4.03400453623373	1.4695186471367	3.1624761497401	1.5359017105117
MY16	4.50340211017777	1.4695186471367	3.1624761497401	1.5359017105117
CX11276	1.57338289634563	1.4604248597617	0.920873415417428	1.50834525625238
CX11276	1.60418604923373	1.4604248597617	0.920873415417428	1.50834525625238
CX11276	1.34746682317777	1.4604248597617	0.920873415417428	1.50834525625238
NIC265	13.3557340539607	13.3557340539607	27.2135962361405	1.49719528009877
NIC265	14.5736453659047	13.3557340539607	27.2135962361405	1.49719528009877
NIC265	-10.1111782892072	13.3557340539607	27.2135962361405	1.49719528009877
NIC265	-11.8294200102631	13.3557340539607	27.2135962361405	1.49719528009877
JU2466	1.85738388993113	1.33005245769423	4.19223076690116	1.21762579074274
JU2466	6.20998513831923	1.33005245769423	4.19223076690116	1.21762579074274
JU2466	-3.99958689073672	1.33005245769423	4.19223076690116	1.21762579074274
JU2466	0.802721025457322	1.33005245769423	4.19223076690116	1.21762579074274
EG4349	-0.599849143348414	1.35031885931766	4.02109618790744	0.700262858428967
EG4349	0.987744175595633	1.35031885931766	4.02109618790744	0.700262858428967
EG4349	1.71289354303968	1.35031885931766	4.02109618790744	0.700262858428967
CB4856	-1.08778914440437	-1.00090217783532	4.14119154632178	0.040813220752379
CB4856	-0.914015211266272	-1.00090217783532	4.14119154632178	0.040813220752379
CB4856	2.12424401792778	-1.00090217783532	4.14119154632178	0.040813220752379
CX11271	-2.18458867396032	0.990498575330751	4.97582873272665	-0.0678638410996057
CX11271	0.633530327483728	0.990498575330751	4.97582873272665	-0.0678638410996057
CX11271	1.34746682317777	0.990498575330751	4.97582873272665	-0.0678638410996057
CX11254	-1.28150399690437	-0.957310165835319	3.36824199219321	-0.125919856330954
CX11254	-0.633116334766272	-0.957310165835319	3.36824199219321	-0.125919856330954
CX11254	1.53686076267778	-0.957310165835319	3.36824199219321	-0.125919856330954
QX1233	8.16053694284878	5.6654662875708	21.6129012674387	-0.356204868540512
QX1233	3.17039563229282	5.6654662875708	21.6129012674387	-0.356204868540512
QX1233	-12.3995471807631	5.6654662875708	21.6129012674387	-0.356204868540512
DL200	-2.54789162365437	-0.914015211266272	2.92006983431498	-0.408023604425796
DL200	0.48234559403968	-0.914015211266272	2.92006983431498	-0.408023604425796
DL200	-0.914015211266272	-0.914015211266272	2.92006983431498	-0.408023604425796
DL200	1.34746682317777	-0.914015211266272	2.92006983431498	-0.408023604425796
BRC20067	-2.01594973346032	-1.2960635534883	3.89371935149335	-0.414886761266272
BRC20067	-0.576177373516273	-1.2960635534883	3.89371935149335	-0.414886761266272
BRC20067	1.34746682317777	-1.2960635534883	3.89371935149335	-0.414886761266272
CX11264	-1.88812870540437	-1.92992586368234	3.76250581436985	-0.83746163472897
CX11264	-1.97172302196032	-1.92992586368234	3.76250581436985	-0.83746163472897
CX11264	1.34746682317777	-1.92992586368234	3.76250581436985	-0.83746163472897
CX11285	-4.14723236265437	-1.77028736521032	3.55171122032773	-1.1873030269883
CX11285	-1.77028736521032	-1.77028736521032	3.55171122032773	-1.1873030269883
CX11285	-0.179159203266273	-1.77028736521032	3.55171122032773	-1.1873030269883
CX11285	1.34746682317777	-1.77028736521032	3.55171122032773	-1.1873030269883
AB1	-5.43697928015437	-0.487326460016273	3.75911821848214	-1.32852663574762
AB1	-0.487326460016273	-0.487326460016273	3.75911821848214	-1.32852663574762
AB1	1.93872583292778	-0.487326460016273	3.75911821848214	-1.32852663574762
JU311	-5.43697928015437	-1.38509635336329	3.15492082975116	-1.7149262909258
JU311	-3.17549724571032	-1.38509635336329	3.15492082975116	-1.7149262909258
JU311	0.405304538983729	-1.38509635336329	3.15492082975116	-1.7149262909258
JU311	1.34746682317777	-1.38509635336329	3.15492082975116	-1.7149262909258
EG4347	-5.55251413809841	-1.56870952961329	2.98364968272478	-1.83561659353681
EG4347	-2.71253428271032	-1.56870952961329	2.98364968272478	-1.83561659353681
EG4347	-0.424884776516271	-1.56870952961329	2.98364968272478	-1.83561659353681
EG4347	1.34746682317777	-1.56870952961329	2.98364968272478	-1.83561659353681
JT11398	-5.43697928015437	-2.0447562284883	2.91956075238302	-2.0447562284883
JT11398	-3.17549724571032	-2.0447562284883	2.91956075238302	-2.0447562284883
JT11398	-0.914015211266272	-2.0447562284883	2.91956075238302	-2.0447562284883
JT11398	1.34746682317777	-2.0447562284883	2.91956075238302	-2.0447562284883
NIC271	-21.4454753185393	-2.1423790209292	15.9632053537541	-2.21147350813724
NIC271	1.72190188840473	-2.1423790209292	15.9632053537541	-2.21147350813724
NIC271	16.8843393278488	-2.1423790209292	15.9632053537541	-2.21147350813724
NIC271	-6.00665993026313	-2.1423790209292	15.9632053537541	-2.21147350813724
JU1586	6.76317443537518	0.618567128291252	20.6995788956993	-2.23630960486609
JU1586	-7.94606307118077	0.618567128291252	20.6995788956993	-2.23630960486609
JU1586	-5.52604017879268	0.618567128291252	20.6995788956993	-2.23630960486609
CB4854	-6.75086737934841	-2.10433760721032	3.46323959133784	-2.40301894264782
CB4854	-3.29466000315437	-2.10433760721032	3.46323959133784	-2.40301894264782
CB4854	-0.914015211266272	-2.10433760721032	3.46323959133784	-2.40301894264782
CB4854	1.34746682317777	-2.10433760721032	3.46323959133784	-2.40301894264782
ECA250	-7.69846131459725	-1.97050305296032	3.85567772083151	-2.57300014933503
ECA250	-3.02699089465437	-1.97050305296032	3.85567772083151	-2.57300014933503
ECA250	-0.914015211266272	-1.97050305296032	3.85567772083151	-2.57300014933503
ECA250	1.34746682317777	-1.97050305296032	3.85567772083151	-2.57300014933503
ECA248	-7.69846131459725	-2.0447562284883	3.86221584417454	-2.61012673709902
ECA252	-7.69846131459725	-2.0447562284883	3.86221584417454	-2.61012673709902
ECA248	-3.17549724571032	-2.0447562284883	3.86221584417454	-2.61012673709902
ECA252	-3.17549724571032	-2.0447562284883	3.86221584417454	-2.61012673709902
ECA248	-0.914015211266272	-2.0447562284883	3.86221584417454	-2.61012673709902
ECA252	-0.914015211266272	-2.0447562284883	3.86221584417454	-2.61012673709902
ECA248	1.34746682317777	-2.0447562284883	3.86221584417454	-2.61012673709902
ECA252	1.34746682317777	-2.0447562284883	3.86221584417454	-2.61012673709902
EG4946	-7.69846131459725	-2.28238390283532	3.89259661118591	-2.72894057427253
EG4946	-3.65075259440437	-2.28238390283532	3.89259661118591	-2.72894057427253
EG4946	-0.914015211266272	-2.28238390283532	3.89259661118591	-2.72894057427253
EG4946	1.34746682317777	-2.28238390283532	3.89259661118591	-2.72894057427253
ED3052	-6.80615688509841	-3.02990073293234	3.86950374867642	-2.87962288194633
ED3052	-5.43697928015437	-3.02990073293234	3.86950374867642	-2.87962288194633
ED3052	-0.622822185710319	-3.02990073293234	3.86950374867642	-2.87962288194633
ED3052	1.34746682317777	-3.02990073293234	3.86950374867642	-2.87962288194633
WN2002	6.83469377965473	1.69143773947378	20.4845337040497	-3.00555723393853
WN2002	-3.45181830070718	1.69143773947378	20.4845337040497	-3.00555723393853
WN2002	-12.3995471807631	1.69143773947378	20.4845337040497	-3.00555723393853
ED3077	-7.69846131459725	-2.88479957133532	4.03182733850575	-3.03014840852253
ED3077	-4.85558393140437	-2.88479957133532	4.03182733850575	-3.03014840852253
ED3077	-0.914015211266272	-2.88479957133532	4.03182733850575	-3.03014840852253
ED3077	1.34746682317777	-2.88479957133532	4.03182733850575	-3.03014840852253
EG4724	-7.69846131459725	-3.04747032768234	4.17733187958225	-3.11148378669604
EG4724	-5.43697928015437	-3.04747032768234	4.17733187958225	-3.11148378669604
EG4724	-0.65796137521032	-3.04747032768234	4.17733187958225	-3.11148378669604
EG4724	1.34746682317777	-3.04747032768234	4.17733187958225	-3.11148378669604
ED3005	-7.69846131459725	-3.17549724571032	4.12888241219184	-3.17549724571003
ED3012	-7.69846131459725	-3.17549724571032	4.12888241219184	-3.17549724571003
ED3073	-7.69846131459725	-3.17549724571032	4.12888241219184	-3.17549724571003
ED3005	-5.43697928015437	-3.17549724571032	4.12888241219184	-3.17549724571003
ED3012	-5.43697928015437	-3.17549724571032	4.12888241219184	-3.17549724571003
ED3073	-5.43697928015437	-3.17549724571032	4.12888241219184	-3.17549724571003
ED3005	-0.914015211266272	-3.17549724571032	4.12888241219184	-3.17549724571003
ED3012	-0.914015211266272	-3.17549724571032	4.12888241219184	-3.17549724571003
ED3073	-0.914015211266272	-3.17549724571032	4.12888241219184	-3.17549724571003
ED3005	1.34746682317777	-3.17549724571032	4.12888241219184	-3.17549724571003
ED3012	1.34746682317777	-3.17549724571032	4.12888241219184	-3.17549724571003
ED3073	1.34746682317777	-3.17549724571032	4.12888241219184	-3.17549724571003
CB4852	-7.69846131459725	-3.17549724571032	3.57571705819691	-3.17549724571009
ECA36	-7.69846131459725	-3.17549724571032	3.57571705819691	-3.17549724571009
CX11262	-7.69846131459725	-3.17549724571032	3.57571705819691	-3.17549724571009
GXW1	-7.69846131459725	-3.17549724571032	3.57571705819691	-3.17549724571009
JU310	-7.69846131459725	-3.17549724571032	3.57571705819691	-3.17549724571009
CB4852	-5.43697928015437	-3.17549724571032	3.57571705819691	-3.17549724571009
ECA36	-5.43697928015437	-3.17549724571032	3.57571705819691	-3.17549724571009
CX11262	-5.43697928015437	-3.17549724571032	3.57571705819691	-3.17549724571009
GXW1	-5.43697928015437	-3.17549724571032	3.57571705819691	-3.17549724571009
JU310	-5.43697928015437	-3.17549724571032	3.57571705819691	-3.17549724571009
CB4852	-3.17549724571032	-3.17549724571032	3.57571705819691	-3.17549724571009
ECA36	-3.17549724571032	-3.17549724571032	3.57571705819691	-3.17549724571009
CX11262	-3.17549724571032	-3.17549724571032	3.57571705819691	-3.17549724571009
GXW1	-3.17549724571032	-3.17549724571032	3.57571705819691	-3.17549724571009
JU310	-3.17549724571032	-3.17549724571032	3.57571705819691	-3.17549724571009
CB4852	-0.914015211266272	-3.17549724571032	3.57571705819691	-3.17549724571009
ECA36	-0.914015211266272	-3.17549724571032	3.57571705819691	-3.17549724571009
CX11262	-0.914015211266272	-3.17549724571032	3.57571705819691	-3.17549724571009
GXW1	-0.914015211266272	-3.17549724571032	3.57571705819691	-3.17549724571009
JU310	-0.914015211266272	-3.17549724571032	3.57571705819691	-3.17549724571009
CB4852	1.34746682317777	-3.17549724571032	3.57571705819691	-3.17549724571009
ECA36	1.34746682317777	-3.17549724571032	3.57571705819691	-3.17549724571009
CX11262	1.34746682317777	-3.17549724571032	3.57571705819691	-3.17549724571009
GXW1	1.34746682317777	-3.17549724571032	3.57571705819691	-3.17549724571009
JU310	1.34746682317777	-3.17549724571032	3.57571705819691	-3.17549724571009
DL226	-3.56397510440437	-3.17549724571032	2.73039621127167	-3.36973617505734
DL226	-3.17549724571032	-3.17549724571032	2.73039621127167	-3.36973617505734
CB4932	-7.69846131459725	-3.93635378218234	3.91565509105503	-3.55592551394604
CB4932	-5.43697928015437	-3.93635378218234	3.91565509105503	-3.55592551394604
CB4932	-2.43572828421032	-3.93635378218234	3.91565509105503	-3.55592551394604
CB4932	1.34746682317777	-3.93635378218234	3.91565509105503	-3.55592551394604
ECA243	-7.69846131459725	-3.17549724571032	3.9502789778947	-3.56700574994128
ECA243	-3.17549724571032	-3.17549724571032	3.9502789778947	-3.56700574994128
ECA243	0.172941310483728	-3.17549724571032	3.9502789778947	-3.56700574994128
JU1200	2.64239180787518	-4.3493332061397	5.28275169412738	-4.02631971302125
JU1200	-10.0490042476808	-4.3493332061397	5.28275169412738	-4.02631971302125
JU1200	-3.17262623348672	-4.3493332061397	5.28275169412738	-4.02631971302125
JU1200	-5.52604017879268	-4.3493332061397	5.28275169412738	-4.02631971302125
CX11307	-7.12100213509841	-5.30545339147352	5.45148028930481	-4.13927545025532
CX11307	-5.08486660415437	-5.30545339147352	5.45148028930481	-4.13927545025532
CX11307	-0.926985491210319	-5.30545339147352	5.45148028930481	-4.13927545025532
CX11307	2.84888092998373	-5.30545339147352	5.45148028930481	-4.13927545025532
CX11307	1.34746682317777	-5.30545339147352	5.45148028930481	-4.13927545025532
CX11307	-8.70682606256887	-5.30545339147352	5.45148028930481	-4.13927545025532
CX11307	-6.86994440712482	-5.30545339147352	5.45148028930481	-4.13927545025532
CX11307	-2.21187004543077	-5.30545339147352	5.45148028930481	-4.13927545025532
CX11307	-4.99237976623673	-5.30545339147352	5.45148028930481	-4.13927545025532
CX11307	-5.52604017879268	-5.30545339147352	5.45148028930481	-4.13927545025532
CX11307	-12.1979542720953	-5.30545339147352	5.45148028930481	-4.13927545025532
CX11307	-0.22978419351313	-5.30545339147352	5.45148028930481	-4.13927545025532
NIC272	-2.01163780965123	-6.01851833336015	6.28988045765506	-4.68289149212384
NIC272	-5.48147874820718	-6.01851833336015	6.28988045765506	-4.68289149212384
NIC272	-6.55555791851313	-6.01851833336015	6.28988045765506	-4.68289149212384
CX11315	-7.69846131459725	-3.17549724571032	8.45031039688233	-4.6831519353393
CX11315	-5.43697928015437	-3.17549724571032	8.45031039688233	-4.6831519353393
CX11315	-0.914015211266272	-3.17549724571032	8.45031039688233	-4.6831519353393
AB4	-6.92357443684745	-4.30623826293234	3.96902676044296	-5.17868365423738
AB4	-5.43697928015437	-4.30623826293234	3.96902676044296	-5.17868365423738
AB4	-3.17549724571032	-4.30623826293234	3.96902676044296	-5.17868365423738
JU830	-1.56822855159841	-5.52604017879268	6.12786372481604	-5.26428157544502
JU830	-5.43697928015437	-5.52604017879268	6.12786372481604	-5.26428157544502
JU830	-2.78159597571032	-5.52604017879268	6.12786372481604	-5.26428157544502
JU830	0.908315805233727	-5.52604017879268	6.12786372481604	-5.26428157544502
JU830	1.34746682317777	-5.52604017879268	6.12786372481604	-5.26428157544502
JU830	-10.4582511515689	-5.52604017879268	6.12786372481604	-5.26428157544502
JU830	-7.79952858112482	-5.52604017879268	6.12786372481604	-5.26428157544502
JU830	2.51380644776328	-5.52604017879268	6.12786372481604	-5.26428157544502
JU830	-5.52604017879268	-5.52604017879268	6.12786372481604	-5.26428157544502
JU830	-8.42294690484527	-5.52604017879268	6.12786372481604	-5.26428157544502
JU830	-13.5478501769572	-5.52604017879268	6.12786372481604	-5.26428157544502
JU830	-12.3995471807631	-5.52604017879268	6.12786372481604	-5.26428157544502
NIC258	-8.93121961703932	-5.68682694569229	4.34918092832752	-5.39098444443575
NIC258	-2.44243427434527	-5.68682694569229	4.34918092832752	-5.39098444443575
NIC258	-0.891342144901226	-5.68682694569229	4.34918092832752	-5.39098444443575
NIC258	-9.29894174145718	-5.68682694569229	4.34918092832752	-5.39098444443575
JU2316	-7.04112386768077	-5.52604017879268	4.28347505940847	-6.28358202323673
JU2316	-5.52604017879268	-5.52604017879268	4.28347505940847	-6.28358202323673
JU1652	-5.71868974893077	-5.62236496386173	17.1047980744008	-6.34408404698673
JU1652	-7.78752221323672	-5.62236496386173	17.1047980744008	-6.34408404698673
JU1652	-5.52604017879268	-5.62236496386173	17.1047980744008	-6.34408404698673
PB306	-18.9208479137893	-6.46860153548516	10.9272945886943	-6.69833031485271
PB306	5.06472972534877	-6.46860153548516	10.9272945886943	-6.69833031485271
PB306	-0.537655890207178	-6.46860153548516	10.9272945886943	-6.69833031485271
PB306	-12.3995471807631	-6.46860153548516	10.9272945886943	-6.69833031485271
JU775	-5.70982495084841	-6.74867358204257	5.21284144276793	-6.71455201253639
JU775	-5.43697928015437	-6.74867358204257	5.21284144276793	-6.71455201253639
JU775	-2.31920154396032	-6.74867358204257	5.21284144276793	-6.71455201253639
JU775	-0.914015211266272	-6.74867358204257	5.21284144276793	-6.71455201253639
JU775	-12.3104862821248	-6.74867358204257	5.21284144276793	-6.71455201253639
JU775	-10.0490042476808	-6.74867358204257	5.21284144276793	-6.71455201253639
JU775	-7.78752221323672	-6.74867358204257	5.21284144276793	-6.71455201253639
JU775	-5.52604017879268	-6.74867358204257	5.21284144276793	-6.71455201253639
JU775	-10.3778942047631	-6.74867358204257	5.21284144276793	-6.71455201253639
NIC277	-16.9225112496512	-1.69113806423516	23.5463695487814	-6.76826245937384
NIC277	9.01727105229282	-1.69113806423516	23.5463695487814	-6.76826245937384
NIC277	-12.3995471807631	-1.69113806423516	23.5463695487814	-6.76826245937384
JU1440	-10.0490042476808	-5.6826388508897	24.4918952842524	-7.13809398315339
JU1440	-5.83923752298672	-5.6826388508897	24.4918952842524	-7.13809398315339
JU1440	-5.52604017879268	-5.6826388508897	24.4918952842524	-7.13809398315339
JU440	-8.62982715806887	-7.07793366843077	2.45982549861806	-7.28032704622928
JU440	-4.91643660037482	-7.07793366843077	2.45982549861806	-7.28032704622928
JU440	-10.0490042476808	-7.07793366843077	2.45982549861806	-7.28032704622928
JU440	-5.52604017879268	-7.07793366843077	2.45982549861806	-7.28032704622928
QX1791	-8.15051009565122	-8.15051009565122	6.98203993969352	-7.67595860562384
QX1791	-6.98360242620718	-8.15051009565122	6.98203993969352	-7.67595860562384
QX1791	-7.89376329501313	-8.15051009565122	6.98203993969352	-7.67595860562384
N2	-5.11894470853932	-5.43743234065122	5.84568394563995	-7.71730727860271
N2	-5.43743234065122	-5.43743234065122	5.84568394563995	-7.71730727860271
N2	-9.68173998620718	-5.43743234065122	5.84568394563995	-7.71730727860271
N2	-10.6311120790131	-5.43743234065122	5.84568394563995	-7.71730727860271
JU2513	-10.0870040975689	-7.69119547495875	1.9620982901511	-7.74885880656976
JU2513	-8.44451908643077	-7.69119547495875	1.9620982901511	-7.74885880656976
JU2513	-6.93787186348672	-7.69119547495875	1.9620982901511	-7.74885880656976
JU2513	-5.52604017879268	-7.69119547495875	1.9620982901511	-7.74885880656976
LSJ1	-10.0490042476808	-7.78752221323672	3.19821856417387	-7.78752221323672
LSJ1	-5.52604017879268	-7.78752221323672	3.19821856417387	-7.78752221323672
JU2464	-10.0490042476808	-7.78752221323672	2.26148203444405	-7.78752221323672
JU2464	-7.78752221323672	-7.78752221323672	2.26148203444405	-7.78752221323672
JU2464	-5.52604017879268	-7.78752221323672	2.26148203444405	-7.78752221323672
KR314	-11.1417402610689	-7.90452949783375	2.37045995176634	-8.11920985888226
KR314	-8.57715376593077	-7.90452949783375	2.37045995176634	-8.11920985888226
KR314	-7.23190522973672	-7.90452949783375	2.37045995176634	-8.11920985888226
KR314	-5.52604017879268	-7.90452949783375	2.37045995176634	-8.11920985888226
NIC1	-11.3732811628189	-8.04899159708375	2.90147953490234	-8.24932613394476
NIC1	-10.0490042476808	-8.04899159708375	2.90147953490234	-8.24932613394476
NIC1	-6.04897894648672	-8.04899159708375	2.90147953490234	-8.24932613394476
NIC1	-5.52604017879268	-8.04899159708375	2.90147953490234	-8.24932613394476
JU1212	-10.8920568361248	-8.77291439320875	2.44757177313002	-8.49098145033375
JU1212	-10.0490042476808	-8.77291439320875	2.44757177313002	-8.49098145033375
JU1212	-7.49682453873672	-8.77291439320875	2.44757177313002	-8.49098145033375
JU1212	-5.52604017879268	-8.77291439320875	2.44757177313002	-8.49098145033375
JU1409	-11.0541708723748	-8.82961074820875	2.48629720541822	-8.55985813689625
JU1409	-10.0490042476808	-8.82961074820875	2.48629720541822	-8.55985813689625
JU1409	-7.61021724873673	-8.82961074820875	2.48629720541822	-8.55985813689625
JU1409	-5.52604017879268	-8.82961074820875	2.48629720541822	-8.55985813689625
NIC267	-2.95602589284527	-6.86907090502622	26.3175140977606	-8.71256299693853
NIC267	-10.7821159172072	-6.86907090502622	26.3175140977606	-8.71256299693853
NIC267	-12.3995471807631	-6.86907090502622	26.3175140977606	-8.71256299693853
JU1568	-12.1055682493748	-8.91826323045875	2.84093547749577	-8.86703372227125
JU1568	-10.0490042476808	-8.91826323045875	2.84093547749577	-8.86703372227125
JU1568	-7.78752221323672	-8.91826323045875	2.84093547749577	-8.86703372227125
JU1568	-5.52604017879268	-8.91826323045875	2.84093547749577	-8.86703372227125
JU1213	-11.1395288981248	-8.16559332220875	4.99139353877097	-9.15690518084744
JU1213	-10.0490042476808	-8.16559332220875	4.99139353877097	-9.15690518084744
JU1213	-6.28218239673672	-8.16559332220875	4.99139353877097	-9.15690518084744
JU1491	-12.3104862821248	-10.0490042476808	3.45447086854086	-9.29517690286609
JU1491	-10.0490042476808	-10.0490042476808	3.45447086854086	-9.29517690286609
JU1491	-5.52604017879268	-10.0490042476808	3.45447086854086	-9.29517690286609
JU397	-14.5719683165689	-8.91826323045875	3.86221584417505	-9.48363373906976
JU1246	-14.5719683165689	-8.91826323045875	3.86221584417505	-9.48363373906976
JU397	-10.0490042476808	-8.91826323045875	3.86221584417505	-9.48363373906976
JU1246	-10.0490042476808	-8.91826323045875	3.86221584417505	-9.48363373906976
JU397	-7.78752221323672	-8.91826323045875	3.86221584417505	-9.48363373906976
JU1246	-7.78752221323672	-8.91826323045875	3.86221584417505	-9.48363373906976
JU397	-5.52604017879268	-8.91826323045875	3.86221584417505	-9.48363373906976
JU1246	-5.52604017879268	-8.91826323045875	3.86221584417505	-9.48363373906976
MY23	-7.69846131459725	-8.91826323045875	5.53570097170777	-9.72602823018575
MY23	-5.12833730490437	-8.91826323045875	5.53570097170777	-9.72602823018575
MY23	-0.914015211266272	-8.91826323045875	5.53570097170777	-9.72602823018575
MY23	-14.5719683165689	-8.91826323045875	5.53570097170777	-9.72602823018575
MY23	-12.3104862821248	-8.91826323045875	5.53570097170777	-9.72602823018575
MY23	-10.0490042476808	-8.91826323045875	5.53570097170777	-9.72602823018575
MY23	-7.78752221323672	-8.91826323045875	5.53570097170777	-9.72602823018575
MY23	-5.52604017879268	-8.91826323045875	5.53570097170777	-9.72602823018575
MY23	-15.9398990669012	-8.91826323045875	5.53570097170777	-9.72602823018575
MY23	-14.6610292152072	-8.91826323045875	5.53570097170777	-9.72602823018575
MY23	-12.3995471807631	-8.91826323045875	5.53570097170777	-9.72602823018575
JU323	-14.5719683165689	-10.0490042476808	3.57571705819727	-10.0490042476808
JU346	-14.5719683165689	-10.0490042476808	3.57571705819727	-10.0490042476808
JU393	-14.5719683165689	-10.0490042476808	3.57571705819727	-10.0490042476808
JU2001	-14.5719683165689	-10.0490042476808	3.57571705819727	-10.0490042476808
JU2519	-14.5719683165689	-10.0490042476808	3.57571705819727	-10.0490042476808
JU2526	-14.5719683165689	-10.0490042476808	3.57571705819727	-10.0490042476808
JU323	-12.3104862821248	-10.0490042476808	3.57571705819727	-10.0490042476808
JU346	-12.3104862821248	-10.0490042476808	3.57571705819727	-10.0490042476808
JU393	-12.3104862821248	-10.0490042476808	3.57571705819727	-10.0490042476808
JU2001	-12.3104862821248	-10.0490042476808	3.57571705819727	-10.0490042476808
JU2519	-12.3104862821248	-10.0490042476808	3.57571705819727	-10.0490042476808
JU2526	-12.3104862821248	-10.0490042476808	3.57571705819727	-10.0490042476808
JU323	-10.0490042476808	-10.0490042476808	3.57571705819727	-10.0490042476808
JU346	-10.0490042476808	-10.0490042476808	3.57571705819727	-10.0490042476808
JU393	-10.0490042476808	-10.0490042476808	3.57571705819727	-10.0490042476808
JU2001	-10.0490042476808	-10.0490042476808	3.57571705819727	-10.0490042476808
JU2519	-10.0490042476808	-10.0490042476808	3.57571705819727	-10.0490042476808
JU2526	-10.0490042476808	-10.0490042476808	3.57571705819727	-10.0490042476808
JU323	-7.78752221323672	-10.0490042476808	3.57571705819727	-10.0490042476808
JU346	-7.78752221323672	-10.0490042476808	3.57571705819727	-10.0490042476808
JU393	-7.78752221323672	-10.0490042476808	3.57571705819727	-10.0490042476808
JU2001	-7.78752221323672	-10.0490042476808	3.57571705819727	-10.0490042476808
JU2519	-7.78752221323672	-10.0490042476808	3.57571705819727	-10.0490042476808
JU2526	-7.78752221323672	-10.0490042476808	3.57571705819727	-10.0490042476808
JU323	-5.52604017879268	-10.0490042476808	3.57571705819727	-10.0490042476808
JU346	-5.52604017879268	-10.0490042476808	3.57571705819727	-10.0490042476808
JU393	-5.52604017879268	-10.0490042476808	3.57571705819727	-10.0490042476808
JU2001	-5.52604017879268	-10.0490042476808	3.57571705819727	-10.0490042476808
JU2519	-5.52604017879268	-10.0490042476808	3.57571705819727	-10.0490042476808
JU2526	-5.52604017879268	-10.0490042476808	3.57571705819727	-10.0490042476808
NIC207	-14.5719683165689	-10.8950856052778	3.78866594497875	-10.4720449264793
NIC207	-11.7411669628748	-10.8950856052778	3.78866594497875	-10.4720449264793
NIC207	-10.0490042476808	-10.8950856052778	3.78866594497875	-10.4720449264793
NIC207	-5.52604017879268	-10.8950856052778	3.78866594497875	-10.4720449264793
JU406	-14.5719683165689	-11.1797452649028	3.86221584417505	-10.6143747562918
JU1172	-14.5719683165689	-11.1797452649028	3.86221584417505	-10.6143747562918
JU1896	-14.5719683165689	-11.1797452649028	3.86221584417505	-10.6143747562918
JU2007	-14.5719683165689	-11.1797452649028	3.86221584417505	-10.6143747562918
MY1	-14.5719683165689	-11.1797452649028	3.86221584417505	-10.6143747562918
MY18	-14.5719683165689	-11.1797452649028	3.86221584417505	-10.6143747562918
NIC2	-14.5719683165689	-11.1797452649028	3.86221584417505	-10.6143747562918
NIC231	-14.5719683165689	-11.1797452649028	3.86221584417505	-10.6143747562918
JU406	-12.3104862821248	-11.1797452649028	3.86221584417505	-10.6143747562918
JU1172	-12.3104862821248	-11.1797452649028	3.86221584417505	-10.6143747562918
JU1896	-12.3104862821248	-11.1797452649028	3.86221584417505	-10.6143747562918
JU2007	-12.3104862821248	-11.1797452649028	3.86221584417505	-10.6143747562918
MY1	-12.3104862821248	-11.1797452649028	3.86221584417505	-10.6143747562918
MY18	-12.3104862821248	-11.1797452649028	3.86221584417505	-10.6143747562918
NIC2	-12.3104862821248	-11.1797452649028	3.86221584417505	-10.6143747562918
NIC231	-12.3104862821248	-11.1797452649028	3.86221584417505	-10.6143747562918
JU406	-10.0490042476808	-11.1797452649028	3.86221584417505	-10.6143747562918
JU1172	-10.0490042476808	-11.1797452649028	3.86221584417505	-10.6143747562918
JU1896	-10.0490042476808	-11.1797452649028	3.86221584417505	-10.6143747562918
JU2007	-10.0490042476808	-11.1797452649028	3.86221584417505	-10.6143747562918
MY1	-10.0490042476808	-11.1797452649028	3.86221584417505	-10.6143747562918
MY18	-10.0490042476808	-11.1797452649028	3.86221584417505	-10.6143747562918
NIC2	-10.0490042476808	-11.1797452649028	3.86221584417505	-10.6143747562918
NIC231	-10.0490042476808	-11.1797452649028	3.86221584417505	-10.6143747562918
JU406	-5.52604017879268	-11.1797452649028	3.86221584417505	-10.6143747562918
JU1172	-5.52604017879268	-11.1797452649028	3.86221584417505	-10.6143747562918
JU1896	-5.52604017879268	-11.1797452649028	3.86221584417505	-10.6143747562918
JU2007	-5.52604017879268	-11.1797452649028	3.86221584417505	-10.6143747562918
MY1	-5.52604017879268	-11.1797452649028	3.86221584417505	-10.6143747562918
MY18	-5.52604017879268	-11.1797452649028	3.86221584417505	-10.6143747562918
NIC2	-5.52604017879268	-11.1797452649028	3.86221584417505	-10.6143747562918
NIC231	-5.52604017879268	-11.1797452649028	3.86221584417505	-10.6143747562918
JU1242	-14.5719683165689	-11.1797452649028	2.91956075238302	-11.1797452649028
JU1242	-12.3104862821248	-11.1797452649028	2.91956075238302	-11.1797452649028
JU1242	-10.0490042476808	-11.1797452649028	2.91956075238302	-11.1797452649028
JU1242	-7.78752221323672	-11.1797452649028	2.91956075238302	-11.1797452649028
MY10	-13.0812368258189	-11.1797452649028	3.39693122628531	-11.8135757852082
MY10	-12.3104862821248	-11.1797452649028	3.39693122628531	-11.8135757852082
MY10	-10.0490042476808	-11.1797452649028	3.39693122628531	-11.8135757852082
NIC269	-21.4454753185393	-12.6274729451232	8.93230791247815	-12.0239085941997
NIC269	-8.33243464059527	-12.6274729451232	8.93230791247815	-12.0239085941997
NIC269	-16.9225112496512	-12.6274729451232	8.93230791247815	-12.0239085941997
NIC269	-1.39521316801313	-12.6274729451232	8.93230791247815	-12.0239085941997
JU1400	-14.5719683165689	-11.0910927826528	4.12987712942623	-12.2513846272915
JU1400	-12.1331813176248	-11.0910927826528	4.12987712942623	-12.2513846272915
JU1400	-10.0490042476808	-11.0910927826528	4.12987712942623	-12.2513846272915
NIC236	-14.0690087182893	-11.5608828756102	7.39314332818095	-12.3969248231699
NIC236	-11.3848837379572	-11.5608828756102	7.39314332818095	-12.3969248231699
NIC236	-11.7368820132631	-11.5608828756102	7.39314332818095	-12.3969248231699
QW947	-19.1839932840953	-9.37363552673515	22.9607132194653	-12.6437547791885
QW947	-14.6610292152072	-9.37363552673515	22.9607132194653	-12.6437547791885
QW947	-4.08624183826313	-9.37363552673515	22.9607132194653	-12.6437547791885
QX1211	-14.8743113055953	-12.4227905401512	2.07536966149159	-12.6816537004846
QX1211	-12.4227905401512	-12.4227905401512	2.07536966149159	-12.6816537004846
QX1211	-10.7478592557072	-12.4227905401512	2.07536966149159	-12.6816537004846
QG557	-15.6191456580953	-14.0093464194292	2.76604912064209	-13.4199667024917
QG557	-15.6924659341512	-14.0093464194292	2.76604912064209	-13.4199667024917
QG557	-9.96870803695718	-14.0093464194292	2.76604912064209	-13.4199667024917
QG557	-12.3995471807631	-14.0093464194292	2.76604912064209	-13.4199667024917
JU1530	-14.5719683165689	-13.4412272993468	1.59910928208693	-13.4412272993468
JU1530	-12.3104862821248	-13.4412272993468	1.59910928208693	-13.4412272993468
QX1794	-19.3676680682893	-12.3995471807631	4.69865396410086	-13.5174976460012
QX1794	-11.4655224343453	-12.3995471807631	4.69865396410086	-13.5174976460012
QX1794	-16.9225112496512	-12.3995471807631	4.69865396410086	-13.5174976460012
QX1794	-7.43223929695718	-12.3995471807631	4.69865396410086	-13.5174976460012
QX1794	-12.3995471807631	-12.3995471807631	4.69865396410086	-13.5174976460012
NIC266	-16.7178367957893	-13.9158813157203	5.17941340609739	-13.7081837150607
NIC266	-19.1839932840953	-13.9158813157203	5.17941340609739	-13.7081837150607
NIC266	-11.1139258356512	-13.9158813157203	5.17941340609739	-13.7081837150607
NIC266	-7.81697894470718	-13.9158813157203	5.17941340609739	-13.7081837150607
QX1792	-12.7989648000953	-14.8607380248732	4.22954427916057	-14.0403410768365
QX1792	-16.9225112496512	-14.8607380248732	4.22954427916057	-14.0403410768365
QX1792	-12.3995471807631	-14.8607380248732	4.22954427916057	-14.0403410768365
NIC255	-15.3133782490393	-13.6521793806792	5.38300567042283	-14.2059123367992
NIC255	-12.6433295461512	-13.6521793806792	5.38300567042283	-14.2059123367992
NIC255	-14.6610292152072	-13.6521793806792	5.38300567042283	-14.2059123367992
NIC251	-20.4785185495393	-11.3687080727072	14.6231701558259	-14.4053115649846
NIC251	-10.4783184029012	-11.3687080727072	14.6231701558259	-14.4053115649846
NIC251	-12.2590977425131	-11.3687080727072	14.6231701558259	-14.4053115649846
NIC259	-12.7869387337893	-14.8547249917203	3.77116160257583	-14.9556005532622
NIC259	-19.1839932840953	-14.8547249917203	3.77116160257583	-14.9556005532622
NIC259	-16.9225112496512	-14.8547249917203	3.77116160257583	-14.9556005532622
NIC259	-10.9289589455131	-14.8547249917203	3.77116160257583	-14.9556005532622
NIC262	-19.1812760665393	-14.8429606355542	3.57232451757916	-15.2168154883387
NIC262	-17.2863740903453	-14.8429606355542	3.57232451757916	-15.2168154883387
NIC262	-12.0000646157072	-14.8429606355542	3.57232451757916	-15.2168154883387
NIC262	-12.3995471807631	-14.8429606355542	3.57232451757916	-15.2168154883387
QG2075	-16.4702296805393	-14.2746320204012	8.51740504152275	-15.9110857749659
QG2075	-19.1839932840953	-14.2746320204012	8.51740504152275	-15.9110857749659
QG2075	-12.0790343602631	-14.2746320204012	8.51740504152275	-15.9110857749659
PX179	-20.9019970577893	-15.7917702324292	3.94739833805366	-16.0013279354152
PX179	-16.9225112496512	-15.7917702324292	3.94739833805366	-16.0013279354152
PX179	-14.6610292152072	-15.7917702324292	3.94739833805366	-16.0013279354152
PX179	-11.5197742190131	-15.7917702324292	3.94739833805366	-16.0013279354152
NIC275	-21.4454753185393	-16.9225112496512	4.52296406888809	-16.9225112496512
NIC275	-16.9225112496512	-16.9225112496512	4.52296406888809	-16.9225112496512
NIC275	-12.3995471807631	-16.9225112496512	4.52296406888809	-16.9225112496512
NIC256	-21.4454753185393	-18.0532522668732	3.86221584417505	-17.4878817582622
NIC256	-19.1839932840953	-18.0532522668732	3.86221584417505	-17.4878817582622
NIC256	-16.9225112496512	-18.0532522668732	3.86221584417505	-17.4878817582622
NIC256	-12.3995471807631	-18.0532522668732	3.86221584417505	-17.4878817582622
NIC261	-20.8108599340393	-19.1839932840953	1.95278653809524	-18.9724548225953
NIC261	-19.1839932840953	-19.1839932840953	1.95278653809524	-18.9724548225953
NIC261	-16.9225112496512	-19.1839932840953	1.95278653809524	-18.9724548225953
QG536	-21.4454753185393	-17.8320133288732	4.82603019166162	-19.0365006587619
QG536	-18.7415154080953	-17.8320133288732	4.82603019166162	-19.0365006587619
QG536	-16.9225112496512	-17.8320133288732	4.82603019166162	-19.0365006587619
NIC242	-21.4454753185393	-18.0532522668732	7.18368605625589	-19.1839932840953
NIC242	-19.1839932840953	-18.0532522668732	7.18368605625589	-19.1839932840953
NIC242	-16.9225112496512	-18.0532522668732	7.18368605625589	-19.1839932840953
