chrom	start	end	sample	gt	gt_name	supporting_sites	sites	DP	switches	rle
I	1	15072434	DL238	1	DL238	24702	24702	63.95328313496883	0	A24702
II	1	15279421	DL238	1	DL238	36064	36064	64.54455967169477	0	A36064
III	1	13783801	DL238	1	DL238	30121	30121	50.84333189469141	0	A30121
IV	1	17493829	DL238	1	DL238	31782	31782	74.90315272795922	0	A31782
V	1	20924180	DL238	1	DL238	77954	77954	80.10928239731123	0	A77954
X	1	17718942	DL238	1	DL238	23594	23594	80.72471814868187	0	A23594
MtDNA	1	13794	DL238	1	DL238	122	122	230.7704918032787	0	A122
I	1	15072434	BRC20067	2	BRC20067	24702	24702	22.636952473483927	0	B24702
II	1	15279421	BRC20067	2	BRC20067	36064	36064	33.00804125998226	0	B36064
III	1	13783801	BRC20067	2	BRC20067	30121	30121	28.921250954483583	0	B30121
IV	1	17493829	BRC20067	2	BRC20067	31782	31782	11.37942860738783	0	B31782
V	1	20924180	BRC20067	2	BRC20067	77954	77954	14.492893244734073	0	B77954
X	1	17718942	BRC20067	2	BRC20067	23594	23594	36.00953632279393	0	B23594
MtDNA	1	13794	BRC20067	2	BRC20067	122	122	220.40983606557376	0	B122
I	1	15072434	NIL_B10	2	BRC20067	6161	6588	1.4228209706216524	698	B8A1B17A1B29A1B35A2B6A1B5A1B4A1B3A1B5A1B15A1B5A2B5A1B3A1B4A1B36A1B1A1B10A1B8A1B5A1B8A2B9A1B12A1B12A1B4A1B1A1B9A1B7A2B4A2B2A1B5A1B1A1B4A1B1A1B3A2B7A2B6A2B1A1B3A2B7A1B3A1B5A1B13A1B2A1B2A1B16A3B23A1B15A3B12A1B6A1B16A1B23A1B17A1B20A1B8A1B4A1B2A1B1A1B4A1B8A1B1A1B3A1B3A2B7A1B6A1B4A1B3A1B6A1B1A1B15A1B5A1B34A1B1A2B17A1B6A1B38A1B36A1B7A1B8A2B4A1B2A1B2A2B9A1B39A1B14A1B30A2B6A1B4A1B4A1B3A1B3A2B5A1B2A2B2A1B1A1B1A1B5A1B8A1B4A1B1A1B24A1B5A1B12A1B1A1B6A1B20A2B3A1B2A2B12A1B6A2B6A1B13A1B29A3B12A1B8A1B18A1B2A2B11A3B6A1B7A1B9A1B8A2B22A2B2A2B9A1B3A1B18A1B25A1B3A1B8A1B9A1B2A1B5A1B5A2B12A1B3A2B15A1B2A1B1A1B7A1B6A1B28A2B6A1B1A3B5A1B7A2B14A1B30A3B6A2B9A1B9A1B5A1B7A3B1A2B2A1B5A1B3A1B1A1B5A1B6A2B4A2B7A1B1A2B8A1B8A3B5A1B18A1B1A1B5A1B8A1B2A1B4A1B6A4B21A1B2A1B1A1B4A1B4A1B1A1B10A2B12A1B29A1B12A1B3A3B6A1B19A1B1A1B2A1B6A1B14A1B4A1B1A2B17A2B9A1B4A1B19A1B1A2B22A1B4A1B35A1B2A4B3A1B50A1B2A1B10A1B1A1B3A1B3A1B2A1B4A2B45A1B13A1B15A1B1A1B4A1B9A2B29A2B12A2B4A1B4A1B53A1B12A1B15A1B1A2B1A1B1A1B2A1B1A1B28A1B4A1B60A1B37A1B285A1B7A1B21A1B98A1B184A1B74A1B83A1B56A1B9A2B48A1B421A1B137A1B98A1B28A1B16A1B15A1B9A1B8A1B1A1B6A1B9A1B1A1B4A1B2A1B27A1B1A1B14A2B15A1B6A1B3A1B1A1B8A1B9A1B4A1B2A1B1A1B12A1B4A1B5A1B26A2B2A1B20A1B6A1B5A1B10A1B8A1B5A1B9A1B6A3B2A2B12A1B10A1B17A1B17A1B8A1B5A2B4A1B4A1B2A1B7A1B26A1B18A1B1A1B3A1B5A1B6A1B1A1B3A1B22A1B10A2B3A1B5A1B28A1B11A1B1A1B10A1B6A1B11A1B10A1B4A1B19A1B2A1B13A1B5A1B3A1B7A1B39A1B6A1B38A1B16A1B28A1B82A1B2A1B8A1B4A1B7A1B3A1B7A1B2A3B36A1B24A1B1A3B1A1B6A1B33A2B28A1B2A1B5A1B17A1B16A1B502A1B108A1B36A1B485A1B46A1B81A1B116A1B37A1B31
II	1	15279421	NIL_B10	2	BRC20067	9325	9936	1.5116353887399463	1006	B233A1B87A1B399A1B83A1B86A1B678A1B293A1B235A1B49A1B153A1B451A1B156A1B47A1B237A1B1A2B203A1B2A1B3A1B1A1B10A1B12A1B15A1B11A1B17A1B44A1B5A5B2A1B19A1B18A1B35A1B1A1B3A2B9A1B10A1B6A1B14A1B5A1B5A1B13A1B3A1B82A1B5A1B42A1B49A1B4A1B2A1B11A1B4A1B1A1B4A1B1A2B33A1B6A1B10A1B25A2B24A1B16A1B3A1B26A1B10A1B5A1B5A2B2A2B1A2B13A1B4A1B5A1B67A2B47A2B6A1B12A1B15A1B4A2B1A1B3A1B6A1B6A1B3A5B6A2B17A1B21A1B3A1B8A1B6A1B53A1B1A2B18A1B17A4B20A1B7A1B14A2B9A1B29A1B7A1B8A1B20A1B16A1B21A1B3A1B7A1B19A1B18A1B91A1B33A1B89A1B41A1B44A1B46A1B73A1B109A1B124A1B6A1B22A1B2A1B36A3B2A1B55A1B4A1B22A1B15A1B1A1B1A1B14A1B25A1B3A1B17A1B33A1B2A1B6A1B6A1B10A1B32A1B7A1B6A1B1A1B2A1B4A1B33A1B2A1B13A1B3A1B25A1B31A1B17A1B8A1B3A1B22A1B11A1B1A1B16A1B2A1B10A2B2A1B7A3B22A1B3A1B8A1B3A1B14A1B4A1B16A1B18A1B5A1B8A1B10A1B6A2B2A1B38A1B15A2B4A1B7A1B1A1B3A1B5A3B10A3B6A1B18A1B6A2B2A1B41A1B18A1B13A2B5A1B3A1B21A1B2A1B1A1B7A1B18A1B1A1B2A2B8A1B4A1B8A1B5A1B2A1B3A1B12A1B17A1B8A1B1A1B16A1B40A2B2A1B2A1B3A1B11A1B2A2B2A1B9A1B27A1B5A2B8A2B20A1B7A1B3A1B10A1B1A1B5A1B4A1B22A1B10A2B1A1B24A1B2A1B3A1B7A1B15A1B41A1B6A1B5A1B4A1B42A1B12A1B9A1B1A1B10A1B4A1B11A1B33A1B16A1B12A3B18A1B30A1B9A1B2A1B18A1B1A1B12A1B47A1B28A1B16A1B29A1B4A1B23A1B29A1B3A2B1A2B6A2B28A1B3A1B1A1B50A1B19A1B5A1B8A1B14A1B8A1B1A1B20A1B6A1B4A1B2A1B14A1B2A1B3A1B33A1B12A1B1A1B1A1B14A1B1A1B12A1B2A2B1A1B7A1B2A1B8A1B18A1B5A1B30A2B25A1B3A2B7A1B5A1B9A1B10A1B1A1B16A1B10A1B3A1B6A1B2A1B4A2B57A1B4A1B8A1B18A3B5A1B1A1B4A2B2A1B3A3B1A1B7A2B20A1B8A1B28A3B12A1B6A1B9A1B1A3B5A1B3A1B2A1B7A1B1A1B3A1B3A1B4A1B7A1B24A1B5A2B2A1B12A1B19A1B15A1B26A2B2A1B19A1B2A1B2A1B8A1B8A1B12A1B12A2B1A1B18A2B5A2B5A1B9A1B7A1B25A1B9A1B1A1B6A2B20A2B4A2B1A1B5A1B9A1B1A1B31A1B14A1B4A1B6A1B10A3B1A2B3A1B1A1B1A1B5A1B5A1B33A1B10A1B4A1B45A1B8A1B5A2B8A1B30A2B5A1B20A1B5A1B3A2B10A1B10A1B32A1B5A1B7A1B1A1B11A1B4A1B22A1B23A1B15A1B4A3B6A1B6A1B13A2B7A1B21A1B1A1B21A1B7A1B4A1B7A2B30A4B3A1B30A2B5A1B7A2B29A1B51A2B6A3B1A1B29A2B9A1B3A1B3A1B2A1B16A1B11A2B16A1B3A1B2A1B21A2B1A1B22A2B26A1B1A1B4A2B10A1B15A1B5A2B6A2B2A1B9A1B17A1B37A1B7A1B2A1B4A1B9A1B14A4B19A1B11A1B49A1B1A1B4A1B15A1B2A1B2A1B7A1B10A1B14A2B11A1B15A1B2A1B14A1B10A1B4A1B1A1B31A1B9A2B12A1B9A1B4A1B16A1B4A1B8A1B14A1B3A1B13A1B3A2B1A1B3A1B1A1B2A2B1A3B6A2B5A1B2A1B6A1B1A2B10A1B2A2B17A1B17A1B1A1B6A1B21A1B7A2B2A1B4A1B3A1B2A1B7A1B5A1B4A1B2A1B7A1B5A1B5
III	1	13783801	NIL_B10	2	BRC20067	7142	7744	1.4390926911229347	990	B59A1B47A1B6A1B13A1B14A1B1A1B4A1B37A1B20A1B7A2B3A1B1A1B4A1B22A1B2A1B45A1B40A1B69A1B52A2B8A2B10A2B3A1B26A1B69A3B44A3B108A1B18A1B19A1B11A1B36A1B32A1B81A1B6A1B43A1B215A2B6A1B50A1B6A1B59A1B4A1B9A1B2A1B12A1B49A1B6A1B9A1B7A1B3A1B120A1B6A1B16A10B1A1B5A1B4A2B10A1B1A2B2A1B14A2B25A1B69A1B43A1B1A2B15A2B9A1B84A1B165A1B66A1B6A4B29A1B41A1B102A1B11A1B6A1B1A1B8A1B6A1B6A1B16A1B5A1B13A1B1A1B5A1B16A1B1A1B4A1B2A1B1A1B10A1B3A1B9A1B8A1B5A3B9A2B3A1B1A1B10A2B5A3B8A1B2A1B1A1B6A1B1A1B27A1B2A2B2A1B1A1B15A1B8A1B5A1B6A1B21A2B3A1B3A1B10A1B8A1B3A1B3A1B11A1B2A2B2A1B5A1B9A1B9A2B2A1B2A1B18A1B3A4B2A1B1A1B10A2B6A2B31A1B3A3B1A1B1A1B4A1B12A1B12A1B36A1B5A1B22A1B5A1B37A1B3A1B38A1B17A1B1A1B4A1B19A1B1A1B6A1B10A1B17A2B2A1B5A1B3A1B3A3B4A1B14A1B1A2B1A1B15A2B2A1B9A2B1A1B2A1B7A1B22A2B3A1B5A1B1A1B9A1B3A1B1A1B6A1B6A1B19A1B14A1B4A1B7A1B17A1B3A1B1A1B4A1B22A1B2A1B2A2B9A1B4A3B3A1B20A2B9A1B1A2B23A1B31A1B3A1B1A1B1A1B33A1B26A1B10A1B11A1B3A1B11A1B5A1B9A1B14A1B15A1B5A1B1A1B2A1B32A1B2A1B44A1B9A1B17A1B13A1B1A2B2A1B6A1B4A2B7A1B5A1B5A1B1A1B1A1B3A1B3A1B15A1B12A1B4A1B21A1B2A2B7A1B8A1B14A1B5A1B4A1B1A1B4A1B39A1B27A1B10A1B2A1B2A2B13A1B22A1B20A1B1A1B2A2B2A1B3A1B15A3B1A1B28A1B5A2B3A2B1A1B2A1B6A1B17A1B5A1B2A1B6A3B15A1B4A1B7A2B1A1B1A1B3A1B6A2B1A1B6A1B3A1B5A1B23A1B6A1B13A1B20A1B5A1B4A1B1A2B4A1B14A1B1A3B1A1B7A1B13A1B8A1B75A1B29A1B2A1B7A1B3A1B5A1B7A1B12A1B3A2B10A1B9A1B2A1B16A1B50A1B12A1B1A1B14A1B3A1B5A1B5A1B2A1B7A2B11A1B5A1B8A1B5A1B13A1B15A1B25A1B17A1B3A1B16A1B9A1B3A1B1A2B4A1B1A1B13A1B3A2B33A1B15A1B63A1B9A1B18A1B8A1B26A1B5A1B9A1B18A2B5A1B16A1B27A1B35A1B17A1B6A2B26A1B26A1B2A2B7A1B3A1B6A1B20A2B8A2B32A1B11A1B28A2B2A2B1A1B5A1B6A1B11A1B2A1B2A1B286A1B129A1B145A1B89A1B45A1B5A1B1A2B7A1B4A2B17A1B2A1B4A1B4A1B9A1B46A1B30A1B6A1B18A1B23A1B7A2B23A1B4A1B15A3B6A1B5A1B23A1B3A1B4A1B14A1B8A1B10A1B4A1B5A1B10A1B8A1B23A1B7A1B2A1B38A1B13A1B12A2B6A1B26A1B3A1B2A1B5A1B4A1B1A1B3A1B5A1B20A1B12A1B17A1B12A1B3A1B4A3B3A1B48A1B9A1B19A1B8A2B2A1B14A1B1A1B14A1B2A3B14A2B12A1B8A1B1A1B13A1B23A1B8A1B5A1B35A1B44A1B3A1B9A1B4A1B1A1B2A1B11A1B2A1B1A1B5A2B2A1B9A2B3A1B15A1B8A1B1A1B1A1B9A1B11A1B8A1B10A1B14A1B11A1B35A2B19A1B8A1B5A1B2A1B5A1B3A1B13A2B6A1B6A1B1A1B1A1B15A1B11A1B16A3B7A1B6A4B4A1B7A1B18A1B204A1B6A1B19A1B2A1B7A1B20A2B7A1B5A1B3A1B1A2B5A2B10A1B24A1B4A2B5A1B7
IV	1	17493829	NIL_B10	2	BRC20067	8051	8081	1.37150664513725	58	B73A1B266A1B120A1B362A1B110A1B77A1B570A1B273A1B316A1B415A1B350A1B316A1B498A1B74A1B154A1B634A1B82A1B32A1B33A2B56A1B540A1B101A1B479A1B171A1B679A1B108A1B602A1B5A1B419A1B136
V	1	3685575	NIL_B10	2	BRC20067	6304	6325	1.3632614213197969	42	B7A1B476A1B622A1B214A1B768A1B768A1B606A1B85A1B161A1B86A1B73A1B99A1B174A1B130A1B27A1B751A1B30A1B70A1B106A1B486A1B406A1B159
V	3685576	4535428	NIL_B10	1	DL238	1473	1636	1.4405974202308214	230	A15B2A20B1A1B1A3B1A5B1A7B1A19B1A1B1A8B4A5B2A2B1A2B1A1B1A10B1A14B1A6B1A1B1A4B1A5B1A21B1A30B1A3B1A26B2A9B1A26B11A8B1A8B1A18B2A22B1A14B2A38B1A14B1A20B1A91B3A13B1A4B1A71B1A4B2A3B1A1B1A2B1A2B1A1B1A27B1A18B1A3B1A45B1A50B2A24B1A14B1A8B1A2B1A10B1A2B1A1B1A1B1A1B5A42B1A6B1A18B1A44B1A11B1A12B2A10B1A48B2A16B8A41B1A6B1A18B1A2B2A1B1A6B1A26B1A18B1A2B6A3B1A29B1A10B1A7B1A32B1A12B1A1B1A15B1A1B1A3B1A2B2A5B1A1B1A2B1A2B2A2B1A8B1A2B1A21B1A6B1A5B1A3B1A1B1A5B1A7B1A3B1A4B1A15B1A4B1A36B1A32B1A1B1A2B1A1B1A7B2A15B2A2B1A3B2A14B1A16B3A22
V	4535429	20924180	NIL_B10	2	BRC20067	13715	13992	1.4053226394458622	452	B45A1B58A1B128A1B110A1B201A1B32A1B418A1B934A1B35A3B3A1B1A1B193A1B344A2B52A1B29A1B328A1B62A1B119A1B14A1B505A1B57A1B50A1B164A1B935A1B182A1B532A1B199A1B577A1B236A1B9A1B172A1B584A1B11A1B531A1B15A1B313A1B116A1B315A1B735A1B96A1B40A1B42A1B9A1B47A2B1A1B126A1B38A1B77A1B529A1B114A1B202A2B35A1B291A1B21A1B136A1B8A2B28A1B232A1B107A1B2A1B4A1B16A1B3A1B14A1B3A1B12A1B13A1B7A1B2A1B1A1B13A1B17A1B5A1B8A2B10A1B9A1B6A1B3A3B3A1B1A1B7A1B2A1B1A1B20A1B6A1B6A1B22A1B3A1B16A1B2A2B1A2B9A1B4A2B1A1B22A2B15A1B7A1B8A2B3A1B5A1B7A1B3A1B9A1B4A1B5A1B21A1B13A2B26A1B10A1B3A1B6A1B4A1B14A1B6A1B5A1B19A1B34A1B34A3B27A1B57A1B6A1B3A1B20A1B3A1B1A1B2A2B20A1B1A1B3A2B11A2B5A1B26A2B10A1B10A1B4A1B7A1B8A2B4A1B4A2B10A1B13A1B20A1B7A1B36A1B83A1B24A1B4A1B30A3B2A1B2A3B9A1B1A1B1A1B1A1B29A1B20A1B8A4B8A1B1A2B12A1B3A1B12A1B10A1B1A2B3A3B16A1B4A3B31A2B5A1B19A1B21A1B25A1B7A1B2A2B1A1B56A1B4A4B34A2B2A1B13A1B5A1B3A1B3A1B39A1B23A1B92A1B37A2B1A1B2A1B6A1B2A1B13A2B5A1B11A2B23A1B10A1B13A1B1A1B23A1B2A1B26A1B28A1B21A1B173A1B16A1B22A1B5A1B2A1B29A1B1A1B8A1B1A1B1A4B33A1B3A1B5A2B38A1B5A2B20A1B5A1B4A2B1A1B11A1B13A1B16A1B1A1B33
X	1	17718942	NIL_B10	2	BRC20067	5756	6132	1.2618137595552468	674	B34A1B4A1B190A1B253A1B165A1B296A1B8A1B222A1B118A1B444A1B6A1B99A1B318A1B10A1B3A1B8A1B4A1B47A1B42A1B32A1B3A1B11A1B1A1B10A1B10A1B5A1B21A2B31A1B4A1B2A1B17A2B5A1B9A1B1A1B1A1B40A1B19A1B3A1B2A1B4A1B12A1B41A1B11A1B1A1B13A1B2A1B6A1B3A1B2A1B1A1B6A1B5A1B1A1B1A1B3A2B10A2B7A2B11A3B6A1B7A1B22A1B12A1B5A1B8A2B10A1B5A1B10A1B32A1B10A1B10A2B8A2B5A1B1A1B1A1B1A1B24A1B14A1B7A1B17A1B2A1B14A1B3A1B5A1B19A1B3A1B3A1B8A1B9A1B3A1B3A1B4A1B2A2B7A1B11A1B2A1B5A1B6A1B10A1B1A1B1A1B12A1B20A1B3A1B32A1B6A1B3A1B6A1B3A1B1A1B2A1B2A2B34A1B7A1B22A1B7A1B7A1B12A1B4A1B5A1B31A1B11A1B6A1B21A1B12A1B1A1B2A1B33A1B26A1B8A1B11A1B24A1B1A1B2A1B31A1B10A1B28A1B3A1B12A2B5A1B5A1B39A1B25A2B10A1B5A1B62A1B40A1B106A1B237A1B216A1B69A1B2A2B13A1B1A1B1A2B2A1B6A2B2A1B6A1B6A1B4A2B13A1B4A1B8A1B9A1B6A1B3A1B14A1B2A1B30A3B6A1B6A1B4A1B9A1B3A1B7A1B20A1B14A1B52A1B20A1B3A1B17A1B41A1B54A1B27A1B8A1B20A1B13A1B1A1B1A1B3A1B9A1B5A2B2A1B2A1B2A1B3A1B5A1B5A1B69A1B8A1B1A2B2A1B1A1B6A1B4A1B3A1B5A1B6A1B5A1B3A1B4A1B2A1B10A1B18A1B1A1B4A1B4A1B1A1B4A1B61A1B1A1B1A1B1A1B17A1B4A1B5A1B2A1B4A1B12A1B2A1B4A1B11A1B3A1B27A1B4A1B9A1B4A1B10A1B27A1B1A1B5A1B4A1B24A1B4A1B2A1B29A1B7A1B1A1B3A1B11A1B7A1B3A1B9A1B13A1B7A1B32A1B12A1B7A1B4A1B1A2B7A1B4A1B4A2B3A1B6A1B10A1B10A1B13A1B1A1B6A1B14A1B3A1B7A1B3A1B6A2B9A1B2A1B4A1B4A1B5A1B6A2B10A1B15A1B9A1B4A1B24A2B4A1B3A1B3A1B1A1B4A1B2A2B1A1B1A1B18A1B11A2B5A1B4A1B4A1B4A1B2A1B3A1B9A1B9A1B9A1B2A2B3A1B5A1B4A1B1A1B2A1B13A1B4A1B5A2B11A1B5A1B7A1B3A1B3A3B1A2B4A2B3A1B7A1B2A3B9A1B1A1B3A1B5A2B8A1B3A1B5A1B11A1B13A1B9A2B7A1B1A1B4A1B2
MtDNA	1	13794	NIL_B10	2	BRC20067	120	122	5.725	4	B34A1B29A1B57
I	1	15072434	NIL_B3	2	BRC20067	8758	9219	1.472368120575474	750	B12A2B6A1B21A1B14A1B14A1B2A1B9A1B9A1B7A1B25A1B40A1B10A1B12A1B3A1B7A2B24A1B39A1B7A1B6A1B21A1B9A1B9A1B7A1B12A1B3A3B6A1B4A2B2A2B1A1B4A1B5A1B1A1B4A1B2A1B2A1B2A1B7A1B2A1B6A1B2A2B4A1B20A1B22A1B4A1B4A1B3A1B2A1B1A1B21A1B2A1B48A3B1A1B11A1B2A1B6A1B21A1B2A2B8A1B45A3B4A1B6A1B10A2B3A1B6A1B7A1B8A1B2A1B6A1B5A1B4A1B6A1B16A1B4A2B3A1B25A1B11A2B19A1B2A1B19A1B3A1B18A1B15A1B60A1B1A2B6A1B9A1B12A1B57A1B31A1B1A1B21A1B3A1B10A1B33A1B3A2B9A1B9A1B1A1B23A1B6A1B5A1B20A1B5A2B4A1B40A1B11A2B4A1B20A1B8A1B15A1B6A1B2A2B19A1B9A4B1A1B7A1B2A1B5A1B3A1B5A1B17A1B1A1B5A1B4A1B11A1B4A3B6A1B5A1B1A1B2A1B9A1B2A1B6A1B5A1B23A1B6A1B3A1B19A3B8A1B4A1B1A1B2A1B1A1B16A1B11A1B2A1B7A1B12A1B19A1B18A1B8A1B6A1B1A1B4A1B1A1B11A2B23A1B2A4B2A1B13A3B6A1B6A1B1A3B1A1B4A1B3A1B13A1B2A1B10A1B1A1B1A1B2A1B9A1B8A1B3A3B6A3B5A4B4A1B4A1B9A1B19A1B16A1B27A2B5A1B1A1B13A2B11A2B2A1B2A1B1A1B3A2B56A1B1A2B2A1B8A1B6A1B2A2B1A1B2A1B6A1B1A1B21A1B2A1B1A1B6A1B5A1B12A1B3A1B3A1B2A1B1A1B11A1B3A1B9A2B5A1B2A2B54A1B42A1B1A2B8A2B3A4B19A1B4A1B6A5B6A1B4A1B19A1B1A1B3A2B8A1B70A1B3A1B2A1B7A2B4A1B21A3B50A1B1A1B5A1B12A1B17A1B2A1B8A1B23A1B31A1B1A2B10A1B91A1B5A1B101A1B422A1B323A1B6A1B209A1B190A1B10A1B114A1B41A1B108A1B372A1B200A1B341A1B4A1B22A1B198A1B118A1B14A1B31A1B25A1B3A1B2A1B6A1B6A1B17A1B3A1B2A5B29A1B42A1B8A1B11A1B3A1B1A1B2A1B3A1B1A1B2A1B6A1B2A2B4A1B12A2B25A1B34A1B77A1B5A1B4A1B2A2B10A1B9A1B3A1B1A1B9A1B1A1B26A1B19A1B9A1B3A2B21A1B4A2B8A1B3A1B1A1B11A1B13A1B30A2B8A2B1A1B2A1B2A1B20A1B16A1B9A1B20A2B4A1B25A1B2A1B8A1B7A1B45A1B17A2B44A1B32A1B27A1B16A1B17A1B21A1B11A1B28A1B25A1B18A1B15A1B5A1B9A1B124A1B5A1B5A1B6A1B30A1B4A1B6A2B14A1B15A1B45A2B2A2B7A1B20A1B2A1B1A2B2A2B48A1B7A1B7A1B10A4B25A1B4A1B6A1B23A1B1A1B293A1B4A1B417A1B167A1B273A2B394A1B188A1B171A1B132
II	1	3690029	NIL_B3	2	BRC20067	7019	7193	1.590967374269839	276	B130A1B7A1B203A1B372A1B1073A1B1439A1B54A1B475A1B280A2B21A2B158A1B317A1B21A1B61A1B51A1B37A1B118A1B8A1B10A1B12A1B7A1B9A1B21A1B1A1B5A1B1A1B2A1B11A1B8A1B11A1B8A1B1A3B2A1B6A1B8A2B34A1B17A1B10A1B18A1B64A2B37A9B55A1B1A2B12A1B3A1B2A2B10A1B36A1B2A1B3A2B5A1B10A1B34A1B100A1B5A1B11A1B53A1B5A1B64A2B22A1B2A1B13A1B7A1B12A2B36A1B8A1B2A1B64A1B5A3B30A1B2A3B7A1B12A2B3A1B2A1B3A1B7A1B5A1B17A1B10A2B9A1B7A1B6A1B24A1B67A1B6A1B13A1B43A1B1A2B14A1B2A1B23A1B3A1B15A1B16A1B3A2B3A1B11A2B8A1B19A1B46A1B69A1B6A1B5A1B12A1B10A1B7A1B16A1B1A1B6A1B11A1B8A3B29A2B8A1B31A1B4A1B1A1B14A1B34A1B3A2B1A1B11A1B4A1B31A1B7A1B3A1B3A1B4A1B7A1B8A1B2A2B119A1B80A1B180A1B70A1B21A1B33A2B1A3B12
II	3690030	3690505	NIL_B3	1	DL238	18	20	1.8888888888888888	2	A9B2A9
II	3690506	15279421	NIL_B3	2	BRC20067	7312	7990	1.473057986870897	1155	B7A1B575A1B69A2B27A1B18A1B6A1B14A2B26A1B9A1B23A5B11A1B18A1B1A1B1A1B68A1B14A3B42A2B40A1B16A1B15A1B25A1B2A1B2A1B12A1B2A1B7A1B73A1B3A1B1A1B8A3B9A1B22A1B3A1B14A1B14A1B1A1B27A1B1A2B9A1B3A1B7A1B1A1B13A1B1A1B2A1B5A1B47A1B7A1B48A1B17A1B24A2B13A1B10A1B9A1B16A1B3A1B1A1B36A1B1A1B14A1B7A1B22A1B3A1B39A1B8A2B17A1B12A1B59A1B10A1B8A2B3A1B18A2B9A1B3A1B8A1B4A3B4A1B8A1B1A1B4A1B5A2B15A1B8A1B3A1B10A1B1A1B11A2B29A1B3A1B7A1B15A1B11A1B3A1B3A1B8A2B3A1B2A1B8A1B3A1B3A1B4A1B10A1B6A1B10A2B3A1B6A1B23A1B4A1B38A1B4A1B7A1B16A1B2A1B1A1B1A1B1A1B11A1B4A2B4A1B37A1B11A1B13A1B1A2B1A2B13A1B1A1B9A2B4A2B77A1B51A1B15A1B1A1B9A1B3A1B4A1B1A1B21A1B2A1B24A1B27A1B1A1B4A1B13A2B22A2B8A1B4A1B2A1B3A1B10A1B19A1B34A1B5A2B1A1B23A1B1A1B36A1B28A2B10A1B10A1B12A1B20A1B52A1B2A1B1A1B4A1B1A1B1A2B25A1B11A1B6A1B1A1B4A1B25A1B9A1B2A1B3A1B11A1B14A1B6A1B12A3B16A1B3A1B14A1B14A1B4A1B3A1B5A1B3A1B18A1B3A1B1A1B17A1B34A1B7A1B2A1B7A1B12A3B5A1B1A1B5A1B10A1B5A1B23A1B10A1B18A1B12A1B3A1B4A1B29A1B2A1B6A1B31A1B8A1B30A1B1A1B1A1B7A1B8A1B73A1B9A1B15A1B4A1B8A1B1A1B20A1B14A1B16A1B12A1B32A1B11A1B15A2B2A1B1A2B17A1B7A1B3A1B32A1B49A1B14A1B13A1B9A1B5A1B15A2B19A1B21A1B5A2B12A1B9A1B1A1B19A1B1A1B69A1B2A1B10A1B7A1B30A1B12A1B87A1B36A1B3A1B1A1B10A1B4A1B3A1B65A1B3A1B9A2B39A1B3A1B12A1B14A1B8A1B3A1B6A1B6A1B28A1B26A1B9A1B7A1B2A1B6A1B4A1B7A1B7A1B4A1B6A1B24A1B1A1B8A1B7A1B10A1B24A1B12A1B11A2B3A2B27A1B1A1B4A1B26A1B9A1B4A1B1A1B2A1B3A1B19A1B14A1B12A1B11A1B25A1B1A1B3A1B6A1B1A1B1A2B30A1B11A1B7A1B5A1B7A1B6A1B6A2B2A1B4A1B2A1B21A3B53A1B1A1B7A1B44A1B1A1B2A2B1A1B2A1B5A2B7A1B1A1B28A1B30A2B10A2B2A1B49A1B1A1B3A1B12A1B3A1B36A1B4A2B13A2B10A2B6A1B10A1B2A1B9A1B24A1B11A1B16A1B13A1B39A1B48A1B50A1B13A1B1A1B3A1B2A1B15A1B2A1B8A1B22A1B4A1B3A1B1A3B9A1B9A1B23A1B56A1B2A1B9A2B8A2B16A1B14A3B1A1B18A1B1A1B8A2B1A1B1A2B7A2B2A1B5A1B24A1B24A1B9A1B7A1B17A1B12A1B5A1B9A1B12A1B52A1B1A1B11A1B10A2B3A1B6A1B3A1B3A1B8A1B21A1B9A2B7A2B10A1B29A1B20A1B2A1B11A1B9A2B12A1B1A1B2A1B3A1B43A2B2A1B6A1B3A1B41A1B13A1B2A1B13A1B4A1B3A2B5A1B4A1B9A1B16A1B1A1B2A1B4A1B8A1B6A1B6A1B1A1B1A1B4A2B1A1B4A1B2A1B1A1B2A2B8A2B8A2B1A1B6A1B12A1B19A1B13A1B1A1B19A1B32A1B4A2B11A1B109A1B4A1B10A1B1A1B31A1B3A1B2A1B2A4B3A1B7A1B4A1B3A1B15A1B5A1B19A1B35A1B1A1B13A1B19A1B3A1B1A2B2A2B2A1B4A1B4A1B8A1B1A1B1A2B13A1B3A1B3A2B5A1B13A1B6A1B41A1B5A1B5A1B44A1B8A2B4A2B12A1B5A1B4A1B6A1B5A1B3A4B18A1B5A1B71A1B2A1B8A1B9A1B26A1B11A1B13A1B45A1B14A1B9A1B5A1B2A1B5A2B3A1B8A1B6A1B9A2B3A1B2A1B8A2B32A2B1A1B8A1B6A1B3A2B1A1B2A3B25A1B7A2B1A2B19A1B3A1B13A1B10A1B18A1B6A2B7A1B5A1B2A1B2A1B4A2B16A1B15A1B1A1B6A1B2A1B7A1B13A1B14A2B8A1B7A1B2A2B6A1B22A1B5A1B1A1B6A1B5A1B10A1B10A1B17A1B2A1B4A1B4A1B1A2B4A1B9A1B6A1B9A1B4A1
III	1	13783801	NIL_B3	2	BRC20067	10489	11283	1.4810754123367338	1280	B2A1B15A1B102A1B19A1B14A1B11A1B24A1B8A1B5A2B1A2B14A1B1A1B55A1B22A1B5A1B1A2B2A1B3A1B6A3B2A2B1A1B1A1B3A1B9A1B8A1B35A1B6A2B14A1B13A1B14A1B4A1B4A2B28A1B12A1B27A1B147A1B25A3B22A1B7A1B13A1B7A1B2A5B25A1B23A2B29A1B1A1B69A3B42A1B9A1B157A1B46A1B18A1B88A1B50A2B13A1B25A1B165A1B17A1B48A2B1A1B5A1B1A2B166A2B173A1B11A1B26A1B26A1B43A1B14A1B28A1B22A2B2A1B27A2B8A1B1A1B42A1B4A1B190A1B1A1B52A2B1A1B2A3B4A2B27A1B2A1B1A1B11A9B12A7B119A1B33A1B2A6B43A1B259A1B18A1B76A1B10A1B7A1B122A2B16A4B29A1B172A1B184A2B3A6B1A1B18A1B34A1B8A1B16A1B9A1B2A1B5A1B17A1B11A1B2A1B22A1B2A1B3A1B5A3B1A1B4A4B2A1B8A7B19A1B34A1B7A1B1A1B4A1B16A1B17A2B10A1B5A1B19A1B2A1B25A1B3A1B1A1B3A2B4A1B11A1B13A1B2A1B2A1B3A1B30A1B5A1B9A1B4A2B1A1B15A1B1A3B34A1B5A1B13A2B26A1B16A1B6A1B15A1B27A1B7A1B24A1B11A1B2A2B1A1B2A1B9A1B29A1B21A1B2A1B4A1B10A1B20A1B4A1B11A1B2A1B5A2B2A2B12A1B5A1B19A1B7A1B2A3B5A2B13A1B26A1B2A1B2A1B1A1B4A1B7A2B11A1B21A1B1A1B10A1B9A1B6A1B15A1B8A1B18A1B8A4B9A1B1A1B21A1B1A1B21A1B1A1B2A1B2A1B4A4B1A2B1A1B11A1B7A1B3A1B2A1B1A1B5A1B21A1B2A1B6A1B4A1B8A1B2A1B18A1B8A1B1A1B11A1B1A2B9A1B2A1B1A1B26A1B3A1B20A1B10A1B36A1B70A1B11A1B6A1B4A1B37A1B16A1B4A1B18A3B1A1B8A1B3A5B5A1B80A1B10A2B6A1B7A1B7A1B17A1B8A1B2A1B7A2B2A2B1A1B6A2B3A1B17A2B19A1B2A1B2A1B4A1B4A1B22A2B2A1B26A1B16A1B4A1B1A1B24A2B6A1B1A3B2A1B8A1B23A1B7A1B1A1B21A1B41A1B3A1B14A2B21A1B10A2B11A2B2A1B35A1B5A1B8A2B3A1B7A1B16A2B1A2B1A1B3A1B2A1B20A1B12A1B7A3B8A1B6A1B13A1B13A2B16A1B8A1B1A1B5A1B5A1B1A1B9A1B13A1B7A1B2A1B7A3B1A1B9A2B6A1B9A1B3A1B4A1B8A1B1A1B4A1B3A1B8A1B1A1B31A1B13A1B13A1B5A1B1A2B3A1B11A1B10A1B11A1B8A1B13A1B4A1B5A1B3A1B1A3B5A1B4A1B2A1B2A1B1A1B3A1B1A1B12A1B4A1B2A1B2A1B3A1B8A2B61A1B22A1B23A1B99A1B3A1B20A1B1A1B2A1B18A1B2A2B4A1B3A2B6A1B11A1B2A2B16A1B12A1B5A1B4A1B2A1B4A1B23A2B3A1B4A1B16A1B31A1B8A1B2A1B1A1B4A1B19A1B2A1B9A1B12A1B4A1B4A1B3A1B9A1B6A1B23A1B8A1B24A1B4A1B13A1B5A1B7A1B8A2B1A1B23A1B6A2B11A1B27A1B2A1B15A1B1A1B1A3B5A1B13A1B21A1B18A1B3A1B1A1B13A1B13A1B4A1B9A1B7A1B30A1B40A1B95A1B14A1B6A1B10A1B14A1B12A1B6A1B3A1B19A1B21A1B5A1B2A1B1A1B71A1B6A1B4A1B8A1B16A1B13A1B11A1B40A1B1A1B6A1B18A1B23A1B1A2B3A1B11A1B7A1B10A1B30A1B22A1B3A1B1A1B19A1B5A1B6A1B39A1B7A1B24A2B3A2B76A1B3A2B22A1B24A1B3A1B1A1B9A1B6A1B10A1B21A1B4A1B1A1B1A1B1A1B4A1B203A1B80A1B387A1B60A1B282A1B34A1B22A1B102A1B2A1B1A3B7A1B3A1B8A1B1A1B9A1B1A1B13A1B1A1B6A1B2A1B5A1B40A2B4A1B19A1B2A2B11A1B8A1B20A1B5A1B5A1B4A1B7A1B17A1B10A1B6A1B21A1B5A1B46A1B7A1B1A1B1A1B10A1B5A1B1A2B24A1B1A1B1A1B7A1B19A1B4A1B14A1B4A1B3A2B16A1B5A1B10A2B23A1B3A1B25A2B8A1B7A1B3A1B8A1B3A1B10A1B1A1B4A1B2A1B7A1B14A1B18A1B2A1B29A1B3A1B8A1B1A1B3A1B4A2B69A1B8A1B11A1B2A1B9A2B13A1B13A1B3A1B14A1B2A3B5A1B2A1B2A1B31A2B18A2B20A2B17A1B4A1B5A1B5A1B31A1B1A1B21A2B12A2B20A1B3A1B19A1B22A1B16A1B4A1B46A1B10A1B3A1B21A1B8A1B4A1B2A1B4A2B2A1B15A1B25A1B5A1B2A1B14A1B16A1B9A1B9A1B10A1B10A1B4A1B4A1B3A1B14A1B8A2B50A1B12A1B254A1B37A1B1A1B26A1B2A1B27A1B2A1B16A1B13A1B15A1B1A1B2A1B9A1B7A1B6A1B10A1B4A1B8A1B3A1B3A2B2A2B2A2B2A2B2A1B1A1B8
IV	1	17493829	NIL_B3	2	BRC20067	12548	12587	1.4022951864839017	76	B100A1B681A1B135A1B289A1B141A1B270A1B514A1B88A1B502A1B126A1B197A1B276A1B15A1B667A1B543A1B225A1B303A1B132A1B64A1B54A1B1495A1B279A1B57A1B8A1B102A1B282A1B64A1B278A1B343A1B539A1B581A1B119A1B1291A1B592A2B39A1B235A1B1A1B638A1B283
V	1	3117576	NIL_B3	2	BRC20067	9608	9625	1.5375728559533721	30	B417A1B220A2B260A1B3664A1B674A2B268A1B81A1B880A1B644A1B363A1B455A1B137A1B64A1B232A1B1087A1B162
V	3117577	4370082	NIL_B3	1	DL238	2693	3018	1.434831043445971	490	A3B1A5B1A27B1A10B1A1B1A2B1A11B1A2B1A1B1A5B1A4B1A2B1A3B1A2B1A6B1A2B1A11B1A2B1A1B1A9B1A3B1A3B1A2B1A15B2A6B1A14B1A1B1A2B1A2B1A1B2A1B1A14B1A2B1A4B2A25B2A6B1A1B1A10B1A17B1A4B3A3B2A11B1A3B3A2B1A2B1A1B1A5B3A11B1A8B1A2B1A5B1A6B1A2B1A5B1A27B1A4B1A1B1A4B1A3B3A2B2A16B1A1B1A2B2A2B1A4B1A4B1A2B1A12B2A12B1A1B3A5B1A12B1A2B1A2B1A5B1A1B2A3B1A6B1A11B2A3B1A5B2A1B1A1B1A15B2A12B1A7B1A3B1A5B2A3B1A1B1A24B1A1B1A6B1A5B1A5B1A3B1A2B1A7B1A1B1A4B2A6B1A1B1A10B1A2B1A2B1A25B2A3B1A10B2A4B2A4B1A23B1A13B1A15B1A27B2A24B1A3B1A9B2A4B1A5B1A4B1A75B2A18B2A41B1A36B2A2B1A17B1A8B4A5B1A18B2A4B1A6B1A2B1A4B1A25B1A72B1A1B1A7B2A10B1A6B1A98B1A72B2A1B1A2B1A5B14A4B1A13B1A15B1A130B1A7B1A2B1A1B1A2B1A58B1A6B1A26B1A1B1A42B1A24B2A24B1A12B1A5B1A1B1A44B1A10B2A1B1A10B1A14B1A1B2A3B4A2B3A18B1A15B1A5B1A5B1A4B1A7B1A2B1A8B1A6B1A4B1A29B1A10B1A29B3A24B1A26B1A118B5A47B3A6B1A8B1A1B1A10B1A3B1A1B1A19B3A25B1A17B2A2B3A20B1A2B1A16B2A6B1A1B1A22B1A19B1A6B1A9B1A3B1A1B1A4B2A11B2A25B1A53B1A3B2A3B1A13B1A6B2A14B1A13B1A7B1A9B1A87B1A4B1A2B1A8B1A2B1A3B1A7B1A1B1A14B1A6B2A23B1A6B1A2B1A4B2A5B1A4B1A12B1A2B1A1B1A2B1A4B2A1B1A7B1A3B1A6B1A9
V	4370083	20924180	NIL_B3	2	BRC20067	23004	23284	1.5299513128151625	484	B269A1B83A1B73A1B9A1B460A1B324A1B517A1B573A1B1A1B612A1B431A1B1264A1B220A1B46A1B481A1B35A1B261A1B102A1B382A1B436A1B281A1B399A1B2A1B35A1B633A1B661A1B1539A1B334A1B455A1B209A1B19A1B488A1B2150A1B70A2B506A1B54A1B164A1B415A1B1345A1B62A1B1339A1B808A1B797A1B162A1B460A1B76A1B29A1B2A1B17A1B3A2B5A1B2A1B12A1B1A1B4A1B16A1B2A2B4A1B8A2B2A1B19A1B21A1B18A1B2A1B7A1B3A1B2A1B39A1B3A1B9A1B15A1B10A1B31A1B17A1B21A1B11A1B4A1B78A1B18A1B23A1B5A1B30A1B22A1B116A1B6A1B3A1B1A1B20A1B33A1B1A1B10A2B3A1B2A1B19A2B3A1B41A1B10A5B27A1B116A1B9A1B3A1B27A1B3A1B1A1B2A1B13A1B5A1B35A1B11A2B12A1B17A4B1A1B7A1B16A1B4A1B11A1B1A2B136A1B95A1B45A3B9A1B7A1B6A1B6A1B2A1B4A1B3A1B7A1B32A1B62A1B6A3B11A3B4A1B6A1B3A1B14A1B3A3B9A3B3A1B13A1B1A1B1A2B1A1B1A2B13A1B2A1B7A1B1A1B40A1B6A1B2A1B10A1B2A1B5A1B7A1B28A1B28A1B3A1B3A1B4A2B37A1B4A1B2A2B44A1B19A1B8A2B11A1B2A1B2A1B17A1B5A1B5A1B7A1B5A1B8A1B1A1B4A2B26A1B6A1B107A1B8A2B4A1B6A2B60A1B7A1B11A1B25A1B5A2B5A1B3A1B10A1B6A1B5A1B1A1B2A1B6A1B1A1B8A1B15A1B11A1B17A1B32A1B9A1B17A2B1A2B4A2B53A1B10A1B100A1B19A1B30A1B18A1B3A1B2A1B1A1B25A1B6A1B7A1B8A1B5A1B10A1B26A1B12A1B5A1B29A1B46A1B58A1B30A1B11A1B7A1B5A1B21A1B1A1B12A1B9A1B6A2B1A1B8A1B9A1B4A1B2A1B1A1B8
X	1	17718942	NIL_B3	2	BRC20067	10176	10781	1.4251179245283019	1028	B44A1B96A1B56A1B66A1B13A1B96A1B229A1B323A1B591A1B3A1B367A1B225A1B99A1B201A1B606A1B235A1B458A1B32A1B6A3B25A1B3A1B24A1B35A1B18A1B81A1B15A1B19A1B9A1B6A1B1A2B46A1B4A1B3A2B6A1B6A1B1A1B18A2B2A1B7A1B9A1B2A1B12A1B1A1B22A1B25A1B2A1B1A1B9A2B23A1B12A1B19A1B22A1B12A1B9A2B17A1B7A1B21A1B2A2B4A1B4A1B2A1B2A1B4A1B4A1B6A1B4A2B10A2B26A2B17A1B6A1B52A1B17A1B10A1B16A1B2A1B18A1B2A1B5A1B6A2B4A1B14A3B5A2B9A1B4A1B29A1B4A1B4A1B7A1B4A1B6A1B6A2B9A3B3A2B4A1B3A2B2A1B8A1B22A1B5A1B1A1B10A2B16A1B2A1B9A1B5A1B20A1B4A1B1A1B6A2B1A1B3A1B3A1B27A2B13A1B19A1B3A1B11A1B8A1B1A1B15A1B12A1B15A1B10A2B5A1B2A1B15A1B8A1B24A2B7A1B6A1B6A1B3A1B6A1B1A1B7A1B1A1B2A1B5A1B5A1B7A1B2A1B5A1B1A1B3A3B13A2B5A1B14A1B4A1B7A2B7A1B7A1B7A1B4A1B4A1B2A2B10A1B6A1B8A1B4A3B11A1B5A1B8A1B24A1B3A1B31A1B1A1B5A1B1A1B12A1B22A1B11A1B11A1B24A4B4A1B3A1B3A1B36A2B4A1B2A1B16A1B10A1B3A1B2A1B1A1B8A1B6A1B6A1B3A1B5A1B18A1B40A1B9A1B36A1B6A1B21A1B7A1B13A1B3A1B46A2B6A2B17A1B5A1B1A1B8A1B8A1B1A1B2A1B5A1B12A1B26A1B39A1B51A2B2A1B11A2B20A1B49A1B5A2B5A1B8A1B56A1B28A1B15A1B11A1B5A1B23A1B7A1B21A2B6A1B16A1B66A1B12A1B5A1B17A1B28A1B14A2B2A1B4A1B5A1B4A1B72A1B81A1B4A1B12A1B34A1B26A1B105A1B448A1B571A1B65A1B13A2B30A1B5A1B7A1B14A1B2A1B6A1B9A2B3A1B5A1B7A1B12A1B5A1B10A1B3A1B3A1B3A1B1A1B10A1B17A1B14A1B4A3B8A1B35A1B23A1B2A1B1A2B9A2B11A1B2A1B6A1B6A1B7A1B12A1B1A1B1A1B8A1B1A1B5A1B4A1B1A1B27A1B14A1B5A1B27A1B30A1B2A2B7A1B47A1B5A1B21A1B2A1B6A1B18A1B27A1B2A1B16A1B42A1B2A1B1A1B39A2B22A1B7A1B12A1B27A1B12A1B9A1B23A1B8A1B16A1B30A1B9A1B32A1B24A1B10A1B3A1B7A2B5A3B34A1B14A1B3A1B5A1B1A1B16A2B31A1B2A1B10A1B3A1B2A1B3A1B16A1B16A1B3A1B3A1B2A1B5A1B8A1B50A1B2A1B3A1B9A1B18A1B16A1B1A1B10A1B6A1B5A1B9A1B2A1B7A1B10A1B8A1B6A1B2A1B13A1B4A2B9A1B30A1B13A1B12A2B15A1B11A1B18A2B6A1B10A1B7A1B13A1B3A1B7A1B3A1B13A1B3A1B2A1B1A1B7A1B8A1B3A1B1A1B6A1B7A2B11A1B6A1B4A2B3A1B12A1B5A2B1A1B4A2B8A1B5A1B2A2B1A1B6A1B5A1B9A1B3A1B5A1B81A1B9A2B31A1B1A2B28A2B8A1B1A2B14A1B4A1B9A1B8A1B25A1B12A1B9A1B33A1B1A1B7A1B12A1B9A1B33A1B9A1B1A1B1A1B5A1B4A1B2A1B2A1B11A1B3A2B31A1B1A1B15A1B8A1B38A1B2A1B10A1B1A1B3A2B11A1B2A1B15A1B5A1B4A1B5A3B8A2B6A1B7A1B22A1B6A2B9A1B6A2B12A1B1A2B9A1B9A1B6A1B2A1B2A1B2A1B9A1B3A1B3A2B2A1B3A1B2A1B14A1B5A2B3A1B7A1B5A1B10A1B5A1B1A2B8A2B1A1B13A1B14A1B6A1B2A1B6A1B13A3B4A1B4A3B10A1B19A1B1A1B13A1B10A3B1A2B4A1B8A2B6A1B6A1B4A1B8A1B9A2B16A1B3A2B4A2B18A1B2A1B13A1B7A1B1A1B8A2B3A1B9A1B6A1B2
MtDNA	1	13794	NIL_B3	2	BRC20067	120	122	13.85	4	B34A1B29A1B57
I	1	15072434	NIL_A3	2	BRC20067	9741	10272	1.6158505286931526	902	B9A1B6A2B6A1B16A1B16A1B1A1B10A1B1A1B14A2B1A1B27A1B10A1B12A1B6A1B2A1B2A1B1A2B6A1B3A2B5A1B3A1B18A1B5A1B1A1B13A1B5A1B2A1B2A1B2A1B6A1B18A1B15A1B41A1B6A1B16A1B17A1B4A1B3A1B3A1B10A1B2A1B6A1B9A2B24A2B8A1B1A1B6A1B10A1B7A1B2A1B1A1B14A1B9A1B1A1B15A1B5A1B1A1B3A1B6A1B26A1B43A1B15A1B29A1B9A1B20A1B12A1B22A1B8A1B47A1B2A1B10A1B3A1B21A1B1A2B2A2B27A2B3A1B29A1B1A4B50A1B20A1B2A2B1A1B5A1B19A1B28A1B3A1B42A1B8A2B8A1B16A1B61A1B14A1B14A1B13A2B5A1B17A1B19A1B5A1B6A1B4A1B2A1B3A2B4A1B6A1B1A1B1A1B2A2B5A1B5A1B4A1B6A1B6A2B30A1B18A1B2A4B1A1B9A2B9A1B22A1B11A1B1A1B15A1B4A1B7A1B2A1B74A3B5A2B37A1B8A2B3A2B5A1B2A1B9A2B8A1B7A1B3A2B4A1B10A1B4A1B1A2B4A2B6A1B3A1B1A1B11A1B7A1B1A1B9A1B3A1B10A1B4A1B18A1B27A1B36A1B14A2B2A1B4A2B1A2B23A2B16A1B2A1B8A1B9A1B12A2B21A1B13A1B27A1B10A1B2A1B4A1B14A1B45A1B27A1B3A1B3A1B1A4B14A1B3A4B2A1B3A1B12A1B26A1B1A1B3A1B11A1B1A1B1A1B4A1B7A1B21A3B4A1B24A1B1A1B7A4B6A1B10A1B6A1B3A1B1A1B14A1B15A2B4A2B2A1B4A2B10A1B16A1B7A2B5A1B2A1B6A1B10A1B2A1B3A1B6A1B17A2B20A1B13A1B7A1B1A1B10A1B2A1B3A1B15A1B10A1B6A1B8A1B2A1B1A1B32A1B5A1B4A1B5A1B1A1B12A1B6A1B9A1B4A1B10A1B6A1B8A1B1A1B13A1B23A1B1A2B48A1B3A1B9A1B4A1B7A1B16A1B13A1B8A2B30A1B3A1B3A1B1A5B11A1B1A1B7A1B13A1B3A1B4A1B1A1B17A1B18A2B93A1B11A1B24A1B26A1B4A4B1A3B17A1B73A2B3A1B37A1B12A1B31A1B32A1B1A3B13A1B3A1B25A1B1A1B2A1B2A1B8A2B15A1B20A1B2A1B6A1B99A1B72A1B219A1B91A1B268A1B144A1B121A1B2A1B375A1B36A1B66A1B9A1B46A1B16A1B4A1B2A1B26A1B12A1B407A1B63A1B85A1B103A1B30A1B205A1B6A1B248A1B54A1B64A1B5A1B22A1B28A1B24A1B13A2B3A1B14A1B2A1B4A1B7A1B57A1B3A1B9A1B3A1B7A1B4A1B7A1B5A1B22A1B5A1B1A1B8A1B15A1B9A1B5A1B14A1B70A1B10A1B1A1B6A1B45A1B2A1B1A1B12A1B6A1B1A1B12A1B9A1B6A1B22A1B10A2B11A1B3A1B2A1B2A1B4A1B7A1B13A1B1A1B9A1B2A1B22A1B25A1B5A1B1A1B13A1B9A1B2A1B3A1B1A1B5A1B15A1B20A1B2A1B11A1B1A2B6A1B3A1B3A1B6A1B4A1B15A1B22A1B9A1B6A1B2A1B16A1B6A1B10A1B2A1B6A1B26A1B15A1B1A1B11A1B1A1B2A1B6A1B14A1B10A1B4A1B12A1B7A1B5A3B1A1B14A1B39A1B8A2B5A2B62A1B58A1B34A1B83A1B11A1B10A1B9A1B8A1B41A2B3A1B7A2B16A1B71A1B1A1B5A2B9A1B1A1B23A2B7A1B27A1B10A2B3A1B13A1B29A1B17A1B8A1B2A1B274A1B569A1B817A1B64A1B32A1B79A1B335
II	1	15279421	NIL_A3	2	BRC20067	14991	15885	1.7885397905409912	1496	B143A1B16A1B19A1B231A1B205A1B1004A1B164A1B645A1B871A1B621A1B132A1B254A1B332A1B361A3B1A1B41A1B80A1B3A1B1A1B21A1B11A1B1A1B22A1B20A1B15A3B9A1B42A1B11A1B7A1B1A1B13A2B18A1B23A1B40A1B11A1B134A1B4A6B56A2B8A1B13A1B28A1B1A1B4A2B13A1B3A1B114A1B6A2B3A1B10A1B44A1B53A1B14A1B2A1B16A1B9A1B2A2B1A1B7A1B11A3B35A1B41A1B3A1B4A4B26A1B14A1B3A1B1A3B20A2B5A1B1A1B6A2B26A1B4A1B5A2B15A1B10A1B18A1B59A1B21A1B27A1B19A2B6A1B18A1B6A1B1A1B57A1B5A1B24A2B12A1B3A1B1A1B3A1B16A1B4A1B17A1B4A1B28A3B23A1B56A2B9A1B84A1B1A1B15A1B30A1B23A1B4A1B2A1B20A1B7A1B6A1B7A1B63A1B5A1B23A1B9A1B3A2B5A1B3A1B7A1B18A1B8A1B6A1B17A1B20A1B21A1B4A1B1A1B7A1B1A1B3A1B44A1B134A1B203A1B4A2B1A5B46A1B8A1B73A1B90A10B2A1B432A1B73A1B60A1B26A1B8A1B15A1B6A1B3A1B36A1B7A1B46A1B22A1B62A1B8A1B10A1B1A2B3A1B26A1B67A1B2A3B18A1B1A1B12A1B10A1B17A1B4A1B2A1B3A1B5A1B7A1B23A1B2A1B3A2B6A1B1A1B3A1B59A1B40A1B6A1B15A1B15A1B13A1B2A1B26A1B7A1B19A3B1A1B1A1B3A1B3A1B24A1B2A1B5A1B11A1B4A2B13A1B9A1B13A1B22A1B3A1B13A1B7A1B9A2B2A1B10A2B17A1B1A1B27A1B21A1B1A1B2A2B22A1B4A1B6A1B3A1B6A1B1A1B1A1B4A2B9A1B2A1B3A1B4A1B5A1B2A1B31A1B11A1B10A2B6A1B40A1B7A1B1A1B35A1B4A1B3A1B10A1B3A1B1A2B8A1B3A1B10A1B32A1B31A1B1A1B4A3B9A1B1A1B14A3B3A1B1A1B15A1B5A1B5A2B30A1B9A1B5A1B5A1B3A1B6A1B7A1B3A1B2A1B115A1B20A2B18A1B5A2B4A1B20A1B3A1B12A1B14A1B4A1B2A1B33A1B1A1B9A1B5A1B6A2B10A1B25A1B12A1B4A2B36A1B2A1B13A1B17A1B2A1B20A1B7A1B7A1B25A1B38A1B3A1B4A1B2A1B8A1B17A1B3A1B9A1B4A1B4A1B2A1B2A1B2A1B32A1B3A1B1A1B6A1B11A1B15A1B27A1B7A1B8A1B19A1B5A1B3A1B1A1B3A1B6A1B1A1B5A1B8A1B1A1B1A1B6A1B14A1B3A2B16A2B2A1B6A1B12A1B5A1B3A1B19A1B19A1B4A1B2A1B21A1B13A2B13A1B10A1B5A1B3A1B2A1B35A1B2A1B37A1B27A1B18A1B12A1B52A1B3A1B10A2B7A1B6A1B2A1B5A1B11A1B3A1B24A1B1A1B74A1B29A1B9A1B2A1B15A3B3A1B7A1B1A1B33A1B1A1B12A1B4A1B1A3B19A1B6A1B21A1B9A1B30A1B14A1B3A2B11A1B18A1B4A1B38A1B3A1B18A1B12A1B23A1B8A1B15A1B39A1B34A1B17A1B21A1B12A1B2A2B1A1B11A1B1A1B62A1B3A1B10A1B30A1B3A1B13A1B10A1B8A1B19A1B10A1B3A1B49A1B9A1B19A1B5A1B11A1B24A2B14A1B4A1B22A1B8A1B28A1B17A2B5A1B1A2B4A1B13A1B6A1B11A1B2A1B14A1B4A1B1A2B40A1B13A1B7A1B25A2B3A1B16A1B1A1B25A1B7A1B21A2B6A1B3A1B2A1B7A2B17A1B4A1B15A1B55A1B14A2B2A1B8A1B34A1B12A1B10A1B4A3B20A2B11A1B7A2B6A1B25A1B10A1B23A1B9A1B20A1B8A1B47A1B15A1B8A1B8A1B3A1B10A1B17A1B11A1B10A1B3A1B9A1B3A1B11A1B5A1B18A1B7A1B12A2B6A1B81A1B45A1B9A1B4A1B3A1B3A1B4A1B30A1B19A1B65A1B15A1B10A1B31A1B22A3B8A1B11A1B33A2B16A1B1A1B11A1B9A1B6A1B2A1B8A1B6A1B1A1B1A1B2A1B6A1B31A1B2A1B38A1B4A1B1A1B4A2B6A1B2A1B2A1B3A2B2A1B9A1B1A2B1A1B13A2B14A1B8A1B34A1B5A1B17A1B9A1B5A1B13A1B2A1B28A1B4A1B7A1B1A2B1A1B1A1B1A1B2A1B63A1B18A1B22A1B10A1B8A1B4A1B21A1B3A1B19A2B19A1B3A1B8A1B10A1B3A1B3A1B6A1B2A1B5A1B10A2B5A2B3A1B17A1B9A1B5A1B16A1B3A1B2A1B12A1B2A3B5A1B7A1B8A1B2A1B9A1B24A1B6A1B15A1B10A1B9A1B27A1B16A1B1A1B1A1B5A3B8A2B7A1B6A1B7A1B16A1B1A1B4A2B1A1B4A1B4A1B10A1B7A1B4A1B24A1B2A1B39A1B3A2B1A1B8A1B17A4B79A1B9A1B24A1B13A1B6A1B7A3B21A1B21A1B11A4B8A1B24A1B9A1B33A2B7A1B6A1B1A1B13A1B2A1B3A2B3A1B4A1B6A2B8A3B9A1B1A1B4A1B3A2B5A1B3A2B28A1B9A1B10A1B11A3B10A1B30A1B3A1B21A3B1A1B1A1B1A1B21A1B1A1B5A1B8A1B5A1B1A1B29A1B8A1B9A1B33A1B14A2B10A1B14A1B2A3B3A1B4A1B3A1B2A2B10A1B1A1B5A1B5A1B9A1B13A1B2A1B14A1B1A1B1A1B19A1B1A1B10A1B4A1B2A2B9A1B6A1B9A1B1A1B11A1B15A1B9A1B3A1B5A1B7A1B1A1B6A2B4A1B2A1B8A1B1A2B2A1B28A2B1A1B8A1B5A2B10A1B27A1B1A2B3A4B2A1B9A1B1A1B17A1B7A1B11A1B5A1B13A1B4A1B6A1B5A2B7A2B7A1B1A1B7A3B5A1B10A1B6A1B12A1B5A1B2A1B19A1B18A1B16A1B17A1B10A1B10A1B10A3B4A1B4A1B14A1B13A1B4A1B2A2B9A1B14A1B3A1B3A1B2A1B4
III	1	13783801	NIL_A3	2	BRC20067	10985	11775	1.6903959945380063	1309	B23A1B1A1B29A1B44A1B38A1B13A1B17A1B3A1B5A1B11A1B27A1B3A2B62A1B31A1B3A1B4A2B4A1B7A1B7A2B51A1B15A1B3A1B3A1B19A1B31A1B1A1B16A1B43A1B86A1B53A3B8A1B26A1B36A2B4A1B68A1B8A4B22A1B24A2B26A1B26A1B1A1B7A1B12A1B24A1B1A1B13A1B76A2B28A1B82A1B54A1B51A1B3A1B27A1B11A1B35A1B57A1B94A1B33A1B18A2B2A1B2A1B305A1B35A1B35A1B45A1B19A1B14A1B36A1B1A2B5A1B19A1B1A1B37A1B3A1B121A1B30A1B11A2B7A1B2A4B3A3B6A3B29A10B42A1B104A1B160A1B139A1B90A1B5A1B4A1B105A2B5A4B160A1B127A1B15A1B2A1B2A1B12A1B10A2B10A1B3A2B1A1B14A1B1A1B13A1B6A1B25A1B9A1B22A1B1A1B2A1B3A1B12A1B4A1B19A2B9A1B3A2B4A1B1A1B1A1B1A1B1A1B1A1B1A1B5A1B4A1B3A1B20A2B4A1B20A1B4A2B24A1B2A1B18A2B2A2B7A1B5A1B6A1B2A2B10A1B10A1B32A1B4A2B31A1B14A1B2A1B17A1B5A2B10A1B1A2B12A1B23A1B5A2B2A1B3A1B6A3B4A2B3A1B7A1B15A2B27A1B2A1B5A2B1A1B1A1B10A1B8A1B8A1B27A1B7A1B1A1B2A1B7A1B6A1B1A2B1A1B3A2B4A1B45A1B49A1B68A1B18A2B11A1B24A1B24A1B22A3B9A1B2A1B9A1B2A2B3A1B8A1B14A1B3A1B4A3B1A1B1A1B2A1B26A1B3A2B1A1B12A1B3A1B3A1B3A1B3A1B28A1B3A1B7A1B4A1B5A1B1A1B10A1B8A1B5A1B9A1B3A2B6A1B5A1B19A2B1A1B4A1B13A1B8A1B67A1B1A1B2A2B2A1B7A1B16A1B4A1B1A1B1A1B4A1B3A1B47A1B5A1B6A1B1A1B5A1B14A1B11A2B3A1B3A1B1A1B1A1B18A1B2A1B16A1B4A1B26A2B10A1B16A2B11A1B5A1B101A1B1A1B19A1B2A1B11A1B4A1B1A1B4A1B19A2B4A1B17A1B6A2B12A1B10A1B3A1B4A4B9A1B59A1B1A1B2A1B6A1B61A2B13A1B1A1B1A1B1A1B3A1B40A1B1A1B8A1B8A1B7A1B6A2B1A1B15A2B2A1B14A1B3A1B2A1B3A1B9A1B1A1B10A1B3A1B5A2B20A1B11A1B13A2B48A1B31A1B12A1B6A1B1A1B9A1B1A3B9A1B67A1B17A1B24A1B9A1B19A1B13A2B9A1B11A2B29A2B6A1B8A1B14A1B11A2B8A1B23A3B8A1B10A2B7A1B8A2B4A2B8A1B6A2B10A1B3A2B16A1B18A1B7A2B9A1B14A1B10A1B3A1B16A1B5A2B2A2B4A1B5A1B1A1B4A1B2A1B1A2B4A3B1A1B12A1B16A1B19A1B12A1B38A1B9A1B11A1B22A1B5A1B2A1B7A2B15A1B2A2B6A1B4A1B6A2B6A1B2A1B9A1B27A1B16A1B9A1B21A1B64A1B39A1B5A1B21A1B3A1B9A1B3A1B7A1B5A2B18A1B8A1B3A1B9A1B1A1B7A1B8A1B6A1B2A1B8A1B3A1B22A2B14A1B9A2B16A1B5A1B4A2B30A1B10A1B7A1B1A1B4A1B3A1B5A1B4A2B12A1B3A1B6A1B8A1B11A1B8A1B26A1B26A1B77A1B4A1B7A1B7A1B1A1B2A1B9A1B35A1B33A1B6A1B10A1B10A1B32A1B6A1B12A1B7A1B15A1B113A1B10A1B27A1B11A1B37A2B31A1B28A1B15A1B9A1B17A1B6A1B22A1B10A1B7A2B1A1B12A1B8A1B28A1B4A1B1A1B1A1B4A1B1A1B5A1B4A2B12A1B3A1B55A1B4A1B3A1B6A1B5A1B3A1B5A2B14A1B18A1B33A2B3A1B66A1B17A1B3A1B1A2B38A1B11A1B7A1B6A1B38A1B160A1B486A1B107A1B34A1B396A1B4A2B5A1B7A1B1A1B1A1B6A1B12A1B5A2B20A1B2A1B6A2B14A2B12A1B2A1B1A1B3A1B27A3B21A1B15A1B1A1B14A1B14A1B12A1B5A1B1A1B31A1B24A1B6A1B21A1B1A1B6A1B11A1B2A1B9A1B14A1B8A1B37A1B14A1B25A1B11A1B3A1B15A1B6A1B2A1B8A1B4A1B2A1B6A1B2A1B21A1B7A1B2A1B2A2B37A1B2A1B1A1B17A2B7A1B18A1B3A1B1A1B11A1B5A1B5A1B10A1B32A1B5A1B3A1B1A1B7A1B1A1B4A1B11A2B13A1B1A3B4A1B99A1B26A1B8A1B16A1B9A1B2A1B33A1B4A1B1A1B19A1B1A2B27A2B8A1B14A2B11A1B6A1B4A1B8A3B22A1B4A1B23A1B8A1B14A1B4A1B6A1B12A1B5A2B15A1B10A1B8A1B7A1B19A1B3A1B14A1B12A1B30A1B23A1B23A1B25A1B29A1B9A1B1A1B12A1B6A1B37A1B5A1B15A2B6A1B2A1B1A2B2A1B2A1B12A1B12A1B12A1B3A2B2A1B37A1B5A1B1A1B4A1B7A1B2A1B14A1B4A2B2A1B157A1B98A1B68A1B115A1B1A1B24A1B2A1B1A1B1A2B3A1B12A1B13A1B13A1B5A1B20A1B1A1B10A1B1A3B44A1B2A1B12A1B6A1B1A1B8A2B2A1B6A1B3A1
IV	1	17493829	NIL_A3	2	BRC20067	12874	12925	1.557169488892341	97	A2B632A1B174A1B1383A1B193A1B324A1B248A1B1A1B14A2B56A1B192A1B153A1B238A1B557A1B258A1B224A1B223A1B319A1B59A1B185A1B121A1B71A1B145A1B138A1B28A1B39A1B1082A1B10A1B266A1B65A1B395A1B349A1B256A1B10A1B6A1B159A1B189A1B13A1B402A1B124A1B471A1B761A1B246A1B163A1B723A1B61A1B32A1B534A1B9A1B573
V	1	3170742	NIL_A3	2	BRC20067	9567	9604	1.68182293299885	72	B23A1B727A1B2A1B801A2B277A1B69A1B652A1B297A1B312A1B227A1B425A1B469A1B206A1B549A1B108A1B61A1B48A1B588A1B10A1B114A1B47A1B85A1B345A1B9A1B18A1B67A1B24A1B471A1B18A1B91A1B717A1B179A1B126A1B757A1B224A1B332A1B92
V	3170743	4607483	NIL_A3	1	DL238	2857	3160	1.694434721736087	450	A7B1A5B1A2B1A9B1A1B1A2B1A3B1A1B2A4B1A3B1A17B3A5B1A34B2A27B2A24B2A1B1A3B2A1B1A28B1A6B1A25B1A11B1A30B1A5B2A15B1A7B1A10B2A9B1A2B1A8B1A19B1A1B1A3B1A4B1A5B1A6B1A3B1A4B1A5B1A12B1A2B2A5B1A2B1A11B1A9B1A18B2A5B1A6B2A3B1A1B1A31B1A1B1A7B3A9B1A3B1A4B1A1B2A2B1A3B1A8B1A18B1A2B1A1B1A4B1A1B1A2B1A7B3A7B1A9B1A1B1A22B1A17B1A10B2A19B4A12B1A1B1A12B1A4B1A11B2A7B2A6B1A16B1A52B2A30B2A9B1A38B2A45B1A19B1A69B1A1B1A10B3A30B1A98B2A119B1A23B4A16B1A21B1A3B1A49B1A4B1A56B1A3B1A1B1A67B1A24B1A10B1A2B5A29B1A4B3A2B1A62B1A12B1A20B1A3B1A55B2A1B1A3B1A36B1A5B2A7B1A2B2A1B4A1B1A4B1A7B1A2B1A11B2A5B1A50B3A19B1A9B1A1B1A3B2A65B3A72B1A21B1A78B1A42B1A44B1A18B1A3B2A1B6A1B1A27B1A10B1A2B1A60B1A5B2A1B1A9B1A23B1A16B3A20B1A30B1A31B1A9B1A2B1A1B3A1B2A2B1A3B1A2B1A5B1A2B1A1B1A2B4A12B1A3B1A4B1A21B1A12B1A13B1A18B1A2B1A23B1A18B1A2B1A2B1A7B1A15B1A17B1A13B2A1B1A12B1A8B1A1B2A1B1A2B2A3B1A2B1A1B1A13B1A15B1A25B1A3B3A8B1A2B1A2B1A4B2A2B1A1B1A15B1A1B3A2B2A5B1A1B1A1B1A7B1A3B1A13B1A2B1A5B1A7B2A5B1A3B1A9B1A3B1A2B2A2B1A8B2A6B1A5B1A3B1A1B2A6B1A5
V	4607484	20924180	NIL_A3	2	BRC20067	22165	22530	1.6789984209339048	581	B652A1B1034A1B1211A1B459A1B655A2B99A1B588A1B32A1B19A1B260A1B1021A1B79A1B845A1B319A1B1193A1B357A1B225A1B351A1B527A1B69A1B1065A1B35A1B2094A1B583A1B379A1B57A1B226A1B333A1B1A2B22A1B1612A1B1202A2B228A1B37A3B997A1B14A1B14A1B28A1B1A1B7A1B6A1B1A1B21A1B10A1B15A1B6A1B19A1B35A1B14A1B1A1B1A1B7A1B3A1B2A1B21A1B3A3B2A1B3A1B9A1B2A2B9A1B2A1B11A1B17A2B6A1B1A1B28A1B6A1B17A1B3A2B18A1B17A1B7A1B46A1B21A1B35A1B1A1B7A1B14A1B21A1B2A1B1A1B3A1B60A1B30A1B6A1B68A1B7A2B6A3B13A1B9A1B12A1B11A1B8A2B17A1B6A3B1A1B30A1B2A1B61A2B3A2B56A1B37A1B3A1B1A1B15A1B7A1B6A5B20A1B1A1B4A1B7A1B38A1B17A1B1A1B13A1B2A1B1A1B1A2B6A2B12A2B12A1B103A1B5A1B11A1B49A1B46A1B1A1B20A1B11A2B4A1B24A1B3A2B19A1B7A1B18A3B5A1B1A1B9A1B6A1B3A1B2A1B4A1B7A1B2A1B116A1B10A4B20A1B2A1B12A1B1A10B10A1B4A1B7A2B4A1B5A1B2A1B14A1B7A1B2A1B3A1B1A1B2A1B1A1B6A1B11A1B2A2B3A1B3A1B27A1B6A3B4A1B4A2B9A4B1A1B7A1B3A2B4A1B5A1B1A2B39A2B4A1B18A1B1A1B3A1B1A1B33A1B23A1B16A1B18A1B6A2B4A1B5A2B76A1B3A1B3A3B1A2B25A1B3A1B21A1B16A1B6A1B18A1B5A2B6A1B9A1B14A3B23A1B34A1B84A1B1A1B3A2B7A2B5A3B3A2B19A1B1A2B14A1B3A1B17A1B4A1B4A1B11A1B8A1B5A1B5A1B2A1B13A1B8A1B8A1B2A1B2A1B6A3B2A1B2A1B15A1B15A1B11A1B7A1B6A1B11A1B12A1B2A1B11A1B15A1B12A1B3A1B2A1B7A1B84A1B111A1B15A1B2A1B8A2B27A1B25A1B1A3B11A2B21A1B21A1B6A1B2A1B3A1B18A1B1A1B16A1B6A1B9A1B26A1B25A1B54A1B8A2B17A1B22A1B8A2B4A1B8A1B27A1B9A1B8A1B1A1B5A1B1A1B5A1B9A1B15A1B3A1B10A1B1A1B8A1B9A1
X	1	17718942	NIL_A3	2	BRC20067	9759	10370	1.4683881545240292	1044	B118A1B64A1B54A1B155A1B24A1B55A1B342A1B463A1B18A1B640A1B169A1B12A1B20A1B519A1B172A1B62A1B335A1B251A1B99A1B19A1B2A1B34A3B24A1B4A1B16A1B72A1B11A1B40A1B3A1B2A1B2A2B60A2B6A2B15A1B5A2B2A1B16A1B3A1B24A1B3A1B4A1B23A1B11A1B1A1B3A1B2A1B5A3B12A1B16A1B6A1B5A1B11A1B1A1B4A1B3A1B3A1B6A1B27A1B10A1B5A1B6A1B3A1B1A1B5A1B8A1B1A1B12A2B18A1B7A2B2A1B15A2B4A1B1A1B1A1B5A1B58A2B19A1B14A1B7A1B1A1B7A1B9A1B3A1B13A2B17A2B10A1B4A1B30A1B1A1B5A1B16A1B3A1B9A1B3A1B5A1B24A1B3A1B9A1B9A1B2A1B28A1B17A1B13A1B6A1B3A2B27A1B4A1B9A1B2A1B14A1B39A1B48A1B3A2B2A1B1A1B1A1B1A1B33A1B6A1B2A1B18A1B6A2B1A1B5A1B3A1B3A1B10A1B2A1B5A1B4A1B17A3B24A1B6A1B1A1B5A1B8A1B3A1B3A1B3A1B4A1B8A1B2A1B26A1B1A2B3A2B2A2B3A1B2A1B4A1B15A1B7A1B1A1B11A1B6A1B1A1B5A1B1A1B6A2B23A1B1A1B29A1B1A1B1A1B4A1B53A1B22A1B2A2B1A1B8A3B26A2B9A2B10A1B2A1B14A1B3A1B1A1B6A2B9A2B2A1B16A1B12A3B20A1B36A1B24A1B13A1B2A1B6A1B6A1B36A1B6A1B5A1B6A1B20A1B28A1B2A1B12A1B1A2B6A1B7A1B3A1B8A1B6A1B2A1B6A2B18A2B87A1B59A1B1A1B9A1B19A1B51A1B19A1B7A1B15A1B10A2B46A1B10A1B18A1B12A1B15A1B49A1B2A3B21A1B2A1B7A1B2A1B4A1B4A2B16A1B25A1B10A1B42A1B6A1B67A1B26A1B6A1B30A1B2A1B9A1B14A1B81A1B442A1B91A1B2A1B457A1B1A1B23A1B5A1B2A1B1A1B1A1B22A1B10A1B6A1B4A1B7A1B26A1B9A2B1A1B5A1B4A1B1A1B1A1B24A2B37A1B1A1B11A2B4A1B21A1B1A2B9A1B11A1B6A1B12A1B8A1B3A1B1A1B30A1B7A2B21A1B9A1B33A1B21A1B4A1B33A1B6A1B11A1B15A1B3A1B13A1B2A1B4A1B7A1B15A1B31A1B5A2B5A1B14A1B3A1B18A1B4A1B4A1B10A1B58A1B2A1B1A1B5A1B18A1B5A1B18A1B4A1B10A1B8A1B8A1B10A1B4A1B2A1B1A1B50A1B4A1B18A1B2A1B14A2B5A2B46A1B4A1B9A1B50A1B1A1B6A1B7A1B2A1B7A1B22A1B11A1B9A1B2A1B4A1B3A1B6A1B1A3B2A1B1A1B44A1B27A1B3A1B8A1B30A1B9A1B10A1B13A1B1A1B3A2B8A2B15A1B2A1B19A1B13A1B10A1B5A1B1A1B4A1B5A1B11A1B29A1B12A1B39A1B7A1B2A1B9A1B2A1B1A2B3A1B10A1B5A1B21A1B2A2B6A1B15A1B1A1B13A1B4A1B1A1B1A2B27A2B7A1B6A1B3A3B10A1B3A1B6A1B2A1B1A1B1A1B9A2B1A1B10A1B6A1B32A1B18A1B2A1B43A1B1A1B2A1B7A1B2A2B13A2B11A1B6A1B14A2B23A1B1A1B9A1B12A1B3A2B4A1B9A1B5A1B9A1B4A1B1A1B4A2B6A1B3A2B7A2B6A2B1A2B1A1B3A1B1A2B2A1B34A1B2A1B4A1B1A1B9A1B3A1B1A1B29A3B15A1B2A1B1A1B17A1B5A2B8A1B3A2B5A1B10A1B4A1B3A1B2A1B1A1B7A1B1A1B8A1B6A1B3A1B11A1B8A1B14A1B1A1B6A1B1A1B8A1B2A1B5A1B4A1B4A2B15A1B31A1B1A1B2A1B8A1B7A2B6A2B16A1B3A1B5A1B5A1B1A1B4A1B4A2B4A1B5A1B13A2B3A1B1A1B3A3B6A1B3A2B19A1B2A1B12A1B4A1B9A2B2A1B9A1B2A2B5A1B20A2B1A1B3A1B2A1B1A2B13A3B7A1B3A1B2A1B5A1B9A1B4A1B28A1B4A2B11A2B4A2B3A1B21A1B1A1B8A1B1A1B26A1B4A1B7
MtDNA	1	13794	NIL_A3	2	BRC20067	120	122	3.691666666666667	4	B34A1B29A1B57
I	1	15072434	NIL_A6	2	BRC20067	9999	10602	1.6784678467846785	1042	B11A1B1A1B5A1B1A1B12A1B6A1B1A1B1A1B15A1B8A1B7A2B14A2B1A1B24A2B10A1B2A1B11A1B9A1B2A1B3A1B4A1B5A1B3A1B5A2B1A1B1A1B5A1B15A2B3A1B10A1B2A1B8A1B2A1B9A1B1A1B11A1B4A1B2A1B36A1B7A1B1A1B19A1B6A1B10A2B15A1B8A1B1A1B16A1B3A2B26A3B3A1B2A1B2A1B2A1B2A1B7A1B7A1B1A1B3A1B1A1B5A2B4A1B17A2B3A1B1A1B19A1B3A1B2A1B4A1B9A1B9A1B3A2B11A1B23A2B39A1B8A1B18A1B2A1B11A1B7A1B3A1B23A1B2A1B6A1B37A1B13A1B9A1B6A1B2A1B28A1B4A1B11A1B6A2B6A3B2A1B6A3B8A1B6A2B4A2B2A1B6A1B6A1B8A1B4A1B6A1B4A1B34A1B6A1B46A1B13A1B5A1B2A1B4A1B8A1B5A1B1A1B1A1B15A2B7A1B42A1B2A1B10A1B4A2B7A1B10A1B1A2B11A1B2A1B7A1B3A1B36A1B7A1B21A1B10A1B25A1B11A1B4A1B2A2B7A1B10A1B8A1B11A1B2A1B10A3B1A1B4A1B2A1B4A1B2A2B1A1B10A1B6A1B7A1B2A1B13A1B21A1B8A1B2A1B1A2B1A2B25A1B2A1B5A1B8A1B1A1B16A1B10A1B10A1B4A1B5A1B11A1B1A2B9A1B12A2B1A1B24A1B8A1B42A1B5A1B7A1B18A1B1A1B3A1B21A1B1A2B7A1B3A1B16A1B3A1B16A1B4A1B2A1B2A1B8A1B16A1B9A1B9A1B9A1B5A1B17A1B2A1B1A2B1A1B10A1B2A1B2A1B3A1B14A1B7A1B33A2B10A2B24A1B2A1B11A1B5A1B2A1B1A1B1A1B36A2B11A1B27A1B1A1B6A1B3A1B1A1B1A1B5A1B2A1B13A1B5A1B1A1B11A1B3A2B44A2B1A3B5A1B2A1B3A3B14A1B4A3B7A1B5A1B14A2B5A1B11A3B6A1B3A1B8A1B4A2B1A1B8A3B16A1B17A2B12A1B7A1B7A1B18A1B14A1B10A1B5A1B4A2B3A2B4A2B8A1B8A1B21A1B2A1B3A1B1A1B3A1B10A1B3A1B5A1B11A1B19A1B33A2B12A1B1A1B3A1B11A5B9A1B2A1B2A1B6A1B14A1B1A1B15A1B25A1B4A1B6A2B10A2B12A1B5A1B8A1B4A1B17A2B30A1B1A2B13A1B36A1B23A1B1A1B5A1B19A1B10A1B6A1B9A1B6A1B5A1B10A1B12A1B1A1B9A1B5A1B2A1B10A1B70A1B13A1B13A1B4A1B7A1B7A1B34A3B1A1B1A1B10A1B1A1B43A1B16A2B11A1B9A1B3A1B6A1B34A1B15A1B1A2B24A1B9A1B25A1B9A1B7A1B9A2B6A1B8A2B8A1B21A1B1A1B22A1B5A1B7A1B5A1B1A1B2A1B3A1B141A1B359A1B64A1B239A1B61A1B124A1B6A1B5A1B66A1B172A1B305A1B19A1B26A1B30A1B611A1B13A1B85A1B18A1B31A1B299A1B8A1B158A1B61A1B66A1B2A1B7A1B3A1B3A2B2A1B1A1B1A1B37A1B12A1B10A1B5A1B7A1B5A1B5A1B17A1B4A1B18A1B2A1B20A1B21A1B7A1B9A1B6A1B8A1B6A1B11A1B1A1B9A1B12A2B1A1B5A1B2A1B3A1B4A1B7A1B15A2B34A1B1A1B1A1B2A1B40A2B10A1B4A1B4A1B2A1B5A1B10A1B8A1B46A1B6A1B1A1B17A1B20A1B6A2B2A2B12A1B5A1B15A1B24A2B13A1B14A1B4A1B19A1B1A1B31A1B4A2B17A1B23A1B5A1B3A1B5A1B1A1B22A1B14A1B31A1B4A1B5A1B3A1B1A1B11A1B19A1B25A1B22A1B51A1B6A1B2A1B3A1B4A1B17A1B35A2B3A2B4A1B1A1B20A1B30A1B1A1B56A1B2A1B35A1B1A1B129A1B3A1B34A1B2A1B17A1B8A1B2A1B32A1B1A1B5A1B10A1B21A1B25A1B12A1B14A1B1A1B8A2B8A1B3A1B2A1B9A1B12A1B15A2B37A1B2A1B12A1B3A1B4A2B1A1B3A1B10A1B18A1B10A1B7A1B1A1B132A1B173A1B650A1B1A1B146A1B105A1B83A1B519A1B414
II	1	15279421	NIL_A6	2	BRC20067	15057	15977	1.7923225078036793	1521	B137A1B935A1B103A1B77A1B300A1B221A1B394A1B929A1B229A1B330A2B662A1B167A1B73A2B70A1B374A4B6A1B1A2B2A2B86A1B117A1B2A1B3A1B15A1B36A4B4A1B3A1B15A1B6A1B17A1B2A1B12A1B19A2B1A3B11A1B11A2B10A1B20A1B2A1B26A9B1A3B42A1B1A1B1A1B79A1B15A1B25A5B7A1B16A1B6A1B3A2B12A1B5A1B13A1B28A1B50A1B40A1B52A1B4A1B4A1B86A1B19A1B19A1B13A4B7A1B37A1B8A1B41A1B9A2B3A2B3A1B19A1B5A1B12A1B11A1B10A1B3A1B29A1B5A1B23A1B9A2B19A1B4A1B2A1B3A1B36A1B50A1B7A1B30A1B2A2B4A1B24A2B7A1B13A1B1A1B21A1B22A1B12A1B9A2B9A1B5A1B3A1B13A3B15A2B12A1B20A1B34A1B22A1B10A1B5A1B56A3B46A1B4A1B15A1B6A1B4A1B8A1B16A1B2A1B10A1B55A1B12A3B3A1B2A4B10A1B1A1B15A1B18A1B11A1B1A1B12A1B29A1B2A1B13A1B1A1B7A1B3A1B11A1B2A1B2A1B11A1B4A1B3A1B12A1B268A1B90A1B21A6B3A1B1A1B32A1B6A1B29A1B14A2B37A1B325A1B365A1B71A1B13A6B26A1B25A1B36A1B1A1B17A1B14A1B32A1B9A1B2A1B7A1B8A1B3A1B29A1B4A1B39A2B3A1B16A1B5A1B2A1B8A2B38A1B24A1B15A1B4A1B7A1B6A2B20A2B7A1B1A1B20A1B22A1B24A1B18A1B7A1B7A2B16A1B5A1B23A1B4A1B5A1B22A2B1A1B17A1B3A2B1A1B21A1B1A1B5A1B12A1B41A1B2A1B2A1B19A1B18A1B3A1B1A1B3A1B14A1B4A1B1A1B38A1B11A2B5A1B18A1B4A1B1A1B1A1B12A3B5A1B7A1B2A2B5A1B6A1B29A1B9A1B1A2B6A1B14A1B8A1B9A1B11A1B2A1B11A1B24A1B5A1B10A1B1A1B3A1B4A2B2A1B4A1B3A1B5A1B11A1B15A1B48A2B2A1B6A1B2A1B2A1B15A2B2A2B11A2B10A2B1A1B9A1B3A1B15A1B5A1B7A2B8A1B1A1B5A1B2A1B25A2B1A2B32A1B86A1B4A1B2A2B7A1B9A1B15A2B19A1B3A2B20A1B2A1B9A1B14A1B2A1B9A1B14A1B8A1B8A1B17A1B10A1B8A1B2A1B3A1B2A1B3A1B14A1B17A1B28A1B19A1B3A1B11A1B17A1B49A1B1A1B8A1B10A1B8A1B2A1B2A1B4A1B6A1B2A1B1A1B1A1B3A1B1A1B21A1B6A1B2A1B7A1B8A1B1A1B7A1B17A2B10A1B6A1B5A3B3A1B3A1B4A1B15A2B10A1B4A1B6A1B1A1B1A2B7A2B2A1B13A1B39A1B3A1B7A1B5A1B13A2B33A2B15A1B9A1B3A2B7A1B5A2B2A1B1A1B19A1B44A1B33A1B6A1B13A1B12A1B6A1B50A1B13A1B12A1B2A1B10A1B46A1B4A1B12A1B26A1B20A1B13A1B3A1B5A1B63A3B16A1B1A1B8A1B23A1B10A1B10A1B36A1B3A1B23A1B35A1B24A1B4A2B41A1B27A1B11A1B3A1B13A1B32A1B2A1B11A1B1A1B23A1B5A1B25A1B10A1B25A1B11A1B10A1B9A1B5A2B3A1B41A1B16A1B5A1B6A1B33A1B6A1B8A1B4A1B2A1B14A1B21A2B8A1B9A1B5A1B16A1B21A1B8A1B7A1B14A2B9A1B5A1B10A1B14A1B5A1B5A1B7A1B2A1B24A1B48A1B16A1B21A1B4A1B9A1B2A2B4A1B1A1B4A1B5A1B5A1B27A1B12A1B28A1B1A1B6A1B4A1B1A1B1A1B11A1B2A1B16A1B3A1B20A1B13A1B9A1B4A1B18A1B1A1B1A1B12A1B5A1B56A1B8A2B4A1B4A2B6A1B10A2B43A1B24A2B19A2B1A1B2A1B11A1B2A1B46A1B23A1B7A1B7A1B30A1B5A1B33A1B6A1B5A1B33A1B10A1B2A2B1A5B1A1B4A1B6A2B2A1B6A1B6A1B2A1B6A1B7A1B2A1B7A1B5A1B5A1B6A1B7A1B7A1B1A1B15A2B1A1B8A1B19A1B17A1B9A1B46A1B10A1B2A2B6A1B29A1B2A1B33A1B3A2B28A1B8A2B6A1B5A1B2A1B12A1B4A2B44A1B1A1B5A1B11A1B4A2B38A1B13A1B50A2B1A1B6A1B3A1B1A1B14A2B5A1B11A2B3A1B1A1B1A1B13A1B15A1B16A1B4A1B4A1B6A1B5A1B2A1B10A1B4A1B4A1B6A1B7A1B2A2B13A1B31A1B6A1B10A1B17A1B34A1B43A1B3A1B4A1B18A1B11A1B19A1B25A1B25A2B11A1B17A1B1A1B3A1B6A1B18A2B7A1B3A1B3A1B2A1B17A1B7A2B1A1B12A1B1A2B7A1B2A1B1A1B8A1B4A1B4A1B30A1B30A1B2A1B4A1B19A1B3A1B13A1B4A1B7A1B4A1B13A1B9A1B6A1B9A1B16A1B10A1B10A1B3A1B3A2B12A1B20A1B4A1B1A1B1A1B10A1B1A1B2A1B11A1B2A1B1A1B9A1B14A2B11A1B63A1B20A1B34A2B1A1B7A1B20A1B16A1B41A1B13A1B1A1B8A1B4A1B17A1B5A1B2A1B23A1B22A1B10A1B2A1B20A1B4A1B10A1B21A1B1A1B3A1B23A6B4A1B7A2B6A1B25A1B3A1B2A1B1A1B3A1B4A1B8A1B10A1B14A1B3A1B1A2B5A1B24A1B15A1B2A1B20A1B41A1B13A1B9A1B11A1B1A1B3A1B15A1B1A1B7A1B9A2B7A1B5A3B19A2B54A1B16A1B13A1B1A1B9A1B2A1B10A1B2A1B38A1B1A1B3A2B41A1B17A2B19A1B1A1B10A1B1A2B3A1B58A1B10A2B3A1B2A1B19A1B25A1B10A1B1A1B3A1B5A4B19A2B9A2B2A3B1A1B4A1B6A1B27A1B2A1B16A1B17A1B1A1B8A1B16A3B4A3B6A1B4A1B5A1B1A1B10A1B2A2B10A2B6A1B4A1B12A2B6A1B8A1B13A2B13A1B2A2B4A1B15A1B5A1B1A1B11A1B7A1B44A1B1A1B19A1B14A1B8A1B9A1B16A1B2A1B2A1
III	1	13783801	NIL_A6	2	BRC20067	11571	12476	1.6726298504882897	1490	B63A1B46A1B7A1B53A1B6A1B12A1B9A1B12A1B1A1B7A1B16A1B1A1B16A1B10A1B80A1B11A1B8A1B3A2B1A1B1A1B9A1B6A1B3A1B1A2B11A1B21A1B36A1B9A1B24A1B5A1B10A1B5A1B2A1B68A1B6A1B104A1B25A1B2A1B1A1B3A3B46A1B1A1B26A1B7A1B1A2B1A2B35A1B51A4B3A2B101A1B13A1B6A1B4A1B5A1B1A1B20A2B1A3B57A1B92A1B66A2B70A1B14A1B151A1B17A1B5A1B28A1B2A1B2A1B200A2B35A2B123A1B45A2B40A1B13A1B42A1B1A1B5A2B37A1B11A1B30A2B4A1B4A1B19A1B50A1B120A1B24A1B86A2B4A1B2A4B86A4B9A1B102A1B114A4B68A1B193A1B64A1B13A1B133A1B10A4B37A1B69A1B185A1B4A1B6A1B8A1B2A1B10A2B9A1B1A1B2A1B18A1B15A1B14A1B35A4B11A1B5A1B12A1B10A2B7A2B2A1B4A2B5A1B1A1B1A1B11A2B18A1B2A2B1A1B8A1B2A1B1A4B2A1B3A2B4A1B9A1B1A1B6A1B2A1B13A1B2A1B1A1B16A2B1A2B2A1B7A1B4A1B22A1B5A1B1A1B18A1B5A1B5A2B9A1B3A2B2A2B8A1B9A1B3A1B1A1B3A2B1A1B7A1B8A1B7A2B1A1B3A1B10A1B3A1B3A1B12A1B1A1B10A1B2A1B7A1B3A2B3A1B2A1B3A1B1A1B7A1B13A1B12A1B7A1B8A1B2A3B2A1B1A1B1A1B3A4B4A1B1A1B1A1B1A4B6A1B5A1B31A1B5A1B8A2B2A1B13A1B33A1B3A1B14A3B11A1B1A1B2A1B15A1B7A3B27A1B23A1B30A1B37A2B4A1B17A1B64A2B11A1B7A1B7A1B10A1B8A1B2A1B2A1B13A1B5A2B5A1B2A1B2A3B18A1B3A1B19A1B23A1B11A1B21A2B6A1B4A1B12A1B1A1B3A1B1A1B6A1B10A1B11A2B5A1B4A1B19A1B1A1B24A1B2A1B12A1B4A1B1A1B39A1B39A1B4A1B1A1B8A1B7A1B1A1B34A1B4A1B3A1B1A1B9A1B3A1B1A2B3A1B26A1B11A1B2A1B1A2B10A1B12A1B4A1B8A1B37A1B12A1B13A2B11A1B9A1B3A1B10A1B14A1B5A1B5A1B2A1B29A1B10A1B47A1B8A1B4A2B10A1B33A1B8A1B9A1B4A2B14A1B11A1B2A1B7A1B2A1B31A1B39A1B7A1B2A1B9A1B4A1B1A1B9A1B83A1B2A2B57A1B12A2B4A1B7A1B9A2B18A1B1A2B2A3B8A1B7A1B5A1B3A1B58A1B1A2B19A1B42A1B11A1B16A1B13A1B2A3B12A1B8A1B3A1B5A1B2A1B5A1B10A1B4A1B21A1B1A1B44A1B9A1B15A1B2A1B1A2B10A1B1A1B1A1B15A1B24A2B2A1B5A1B18A1B4A1B16A2B2A2B3A2B13A1B4A1B5A1B6A1B8A1B2A1B12A1B7A1B13A1B6A1B1A3B1A1B10A1B33A1B3A1B5A1B3A1B16A1B7A1B8A2B10A1B2A1B7A1B5A1B2A2B6A2B5A1B1A1B4A1B4A2B4A1B4A1B6A1B2A1B31A1B12A1B5A1B9A1B10A1B16A1B21A2B1A1B10A1B13A1B1A1B2A1B1A2B1A2B4A1B1A1B9A1B21A1B3A1B7A1B4A1B36A1B8A1B10A1B2A1B2A1B35A1B104A2B2A1B1A1B17A1B2A1B3A1B2A1B5A1B2A2B32A1B6A1B1A2B1A2B4A1B14A1B1A2B7A1B2A2B2A1B7A1B5A1B1A1B14A2B1A1B37A1B12A1B1A1B4A1B1A1B2A1B23A1B4A1B16A1B2A1B8A1B8A1B12A1B14A1B13A1B3A1B1A1B2A1B1A1B4A1B5A1B9A1B12A1B5A2B12A1B10A2B17A2B23A1B30A1B2A1B6A1B16A1B1A2B16A1B20A1B23A1B23A1B6A1B30A1B30A1B7A1B13A1B22A1B70A1B5A1B28A1B31A3B28A1B22A1B21A1B13A1B8A1B11A1B4A1B1A1B34A1B20A1B3A1B14A1B18A1B7A2B13A1B14A1B3A1B4A1B8A1B1A2B5A2B1A1B2A1B9A1B8A1B17A1B8A1B38A1B15A1B2A1B8A2B1A2B1A1B18A2B33A1B26A1B7A2B23A1B34A1B11A1B7A1B2A1B9A1B5A1B5A1B25A1B1A1B3A1B3A2B4A1B15A1B2A1B23A1B2A1B243A1B177A1B166A1B394A1B58A1B253A2B4A1B10A2B2A1B1A1B5A2B7A1B3A1B11A1B6A1B9A2B2A1B2A1B10A1B38A1B8A1B1A1B43A1B1A1B13A1B26A1B2A1B1A1B8A1B9A1B10A1B11A2B12A1B9A1B1A1B11A1B8A1B26A1B11A1B5A1B10A1B42A1B19A1B14A3B3A1B38A1B3A1B9A1B9A1B5A1B1A2B7A1B2A1B12A1B40A1B9A1B6A1B3A1B3A5B2A1B41A2B1A1B2A1B19A2B12A2B17A1B19A1B11A1B3A1B5A1B10A1B2A1B10A1B5A1B5A1B17A1B13A3B2A1B18A2B1A1B7A1B8A1B1A1B5A1B5A1B2A1B27A2B10A2B1A2B96A1B4A2B24A1B4A1B1A1B16A1B2A1B23A1B3A1B14A1B36A1B1A1B3A1B3A1B2A1B3A2B47A3B11A2B4A1B19A1B8A1B2A1B12A1B6A3B5A1B13A1B8A3B32A1B23A1B5A1B4A1B1A1B15A1B13A1B11A1B3A1B1A1B2A1B12A1B1A1B9A1B6A2B4A1B6A1B12A1B22A1B2A1B14A2B3A1B12A1B42A1B13A1B12A1B16A1B4A1B4A1B4A1B1A1B3A2B3A1B6A1B9A1B9A1B7A1B7A1B6A1B3A1B13A1B2A2B7A1B1A1B3A1B4A1B1A1B1A2B5A1B31A1B7A1B5A2B5A1B3A1B6A1B6A1B21A1B44A1B9A1B57A2B177A1B130A1B12A1B12A1B3A1B5A1B2A1B1A1B2A2B10A1B3A1B10A1B13A1B10A1B12A1B1A1B16A1B16A1B11A1B7A1B3A1B1A1B5A1B7A1B3A1B13A1B6
IV	1	17493829	NIL_A6	2	BRC20067	13180	13247	1.5402124430955995	126	B324A1B47A1B24A1B79A1B326A1B571A1B12A1B112A1B35A2B334A1B143A1B248A1B17A1B18A1B95A2B91A1B179A1B31A1B389A1B1A1B80A1B29A2B81A1B236A1B352A1B26A1B1A1B5A1B443A1B76A1B208A1B239A1B185A1B442A1B185A1B28A1B213A1B28A1B134A1B500A1B840A1B148A1B69A1B210A1B196A1B405A1B108A1B58A1B16A1B36A1B1027A1B213A1B336A1B196A1B172A1B431A1B196A1B75A1B41A1B122A1B405A1B333A2B418A1B562
V	1	3170888	NIL_A6	2	BRC20067	9753	9786	1.6415461909156157	64	B65A1B413A1B274A1B10A1B678A1B345A1B88A1B648A1B180A1B2568A1B29A1B4A1B62A1B79A1B125A1B318A1B282A1B139A1B143A1B121A1B192A1B5A1B365A1B162A1B26A1B663A2B236A1B124A1B472A1B74A1B343A1B514A1B6
V	3170889	4601922	NIL_A6	1	DL238	2951	3307	1.677397492375466	527	A4B1A11B1A2B2A3B1A4B1A8B2A1B5A9B2A5B1A5B1A1B1A2B1A5B1A12B1A13B1A34B1A12B1A1B1A3B1A9B1A10B1A2B1A6B1A4B1A16B1A3B1A4B1A1B1A1B1A4B1A16B1A3B4A6B1A8B1A11B1A2B2A1B1A2B2A3B1A2B1A1B1A2B1A1B3A1B1A16B1A2B1A2B1A4B1A1B1A8B1A12B1A1B1A6B1A2B1A20B1A1B1A13B1A3B1A3B1A2B1A4B1A1B1A1B1A7B2A1B2A1B1A2B1A2B2A1B1A1B1A3B1A11B1A21B1A1B1A6B1A1B2A2B1A7B1A1B1A9B2A6B1A4B1A1B1A9B1A14B2A8B1A2B1A11B1A5B1A24B1A1B1A4B2A4B1A3B2A9B1A23B1A1B1A5B1A1B1A7B1A13B1A24B1A13B2A4B1A1B1A24B1A23B1A55B1A19B2A3B7A55B2A8B1A30B1A18B1A2B1A1B1A15B1A34B1A1B1A68B1A145B1A30B2A18B6A6B1A81B3A11B1A16B1A62B1A4B2A3B1A7B1A9B1A55B1A9B1A7B1A5B2A1B3A1B1A4B1A1B2A1B1A2B1A2B1A8B1A67B1A5B2A8B1A6B1A20B1A5B1A45B2A1B1A3B1A6B1A7B1A53B1A19B1A1B1A2B1A3B3A2B1A6B1A1B1A5B1A12B4A4B1A2B2A5B1A14B6A5B2A7B2A15B1A3B1A11B2A73B1A26B5A17B1A58B1A31B1A102B1A41B2A70B1A32B6A7B5A13B1A5B3A15B1A29B1A15B1A6B3A17B2A12B1A48B1A19B1A5B1A9B1A14B1A2B1A1B1A3B1A3B2A2B2A3B2A1B1A14B1A1B1A8B1A3B1A3B1A4B2A9B1A9B1A5B3A2B1A3B1A7B1A18B1A1B1A12B1A5B1A3B1A46B1A16B1A21B1A10B2A2B3A9B1A7B1A8B1A1B1A2B1A2B1A1B1A1B1A34B1A20B1A19B1A6B1A13B1A2B1A3B2A16B1A2B2A2B2A2B1A1B1A1B1A1B1A9B1A7B1A3B1A5B2A7B1A9B1A2B1A12B1A13B1A1B1A5B1A13B1A5B1A1B1A5B1A3B1
V	4601923	20924180	NIL_A6	2	BRC20067	22694	23033	1.6487177227461003	559	A1B340A1B165A1B110A1B2541A3B3A1B1A1B1597A1B214A1B26A1B15A1B303A1B182A1B535A1B54A1B95A1B203A1B88A1B477A1B147A1B400A1B658A1B92A1B157A1B417A1B479A1B136A1B1607A1B467A1B897A1B116A1B379A2B117A1B163A1B51A1B520A1B156A1B378A1B386A1B796A1B315A1B218A1B386A1B5A1B926A1B905A1B151A1B10A1B175A1B45A1B194A1B351A1B7A1B232A1B19A2B2A1B8A1B9A1B25A1B21A1B4A1B21A1B3A1B16A1B6A1B15A1B7A1B8A1B62A1B21A1B3A1B2A1B7A2B28A1B34A1B4A1B28A1B8A1B7A1B6A1B10A1B3A1B1A1B19A1B1A1B1A1B57A1B7A2B13A1B26A2B4A1B2A1B10A1B17A1B13A2B2A2B4A1B3A1B1A1B10A1B8A1B6A1B48A1B17A1B1A1B85A1B9A1B13A1B31A1B21A1B1A1B7A2B33A2B1A1B6A3B48A1B35A2B53A1B3A2B23A1B1A1B6A1B3A1B1A1B27A1B6A2B13A1B1A1B14A1B5A1B24A1B33A2B1A1B1A1B1A1B4A2B5A1B4A1B1A2B3A1B5A1B1A1B1A1B222A1B12A1B20A1B25A1B33A1B2A1B3A1B19A1B6A1B3A1B3A1B10A1B5A1B15A2B7A1B59A1B8A6B4A2B7A1B14A1B8A1B8A2B31A1B2A1B13A1B13A1B4A2B6A1B2A1B6A2B22A1B17A3B45A2B10A2B10A1B1A1B1A1B10A1B8A1B1A1B8A1B9A1B21A1B5A1B9A1B8A1B19A1B2A1B13A1B1A2B67A2B2A1B1A1B2A8B11A1B8A1B17A1B4A1B3A1B16A1B16A1B29A1B4A1B20A1B30A1B5A1B154A2B2A1B5A2B7A3B3A2B22A1B13A1B6A1B26A1B6A1B31A1B3A1B10A1B18A1B4A1B1A1B2A1B8A2B1A1B8A3B1A1B2A1B35A1B11A1B15A1B1A2B22A1B7A1B5A1B9A1B5A1B12A1B4A2B2A1B7A1B1A1B168A1B28A2B33A1B45A1B1A2B6A1B2A1B2A1B6A1B8A1B23A1B15A1B2A1B5A1B21A1B7A1B6A3B67A2B10A1B3A2B28A1B14A1B8A1B5A1B5A2B1A1B35A1B10A1B12A1B2A1B27A1B4A1B1A1B2A1B4A1B8
X	1	17718942	NIL_A6	2	BRC20067	9816	10405	1.4501833740831296	1028	B45A1B129A1B53A1B35A1B142A1B57A1B179A1B125A1B965A1B171A1B291A1B544A1B150A1B275A1B41A1B171A1B191A1B2A1B23A1B13A1B1A2B2A1B6A1B32A1B8A2B36A1B1A1B18A1B58A1B21A1B8A2B11A1B26A1B3A2B3A1B1A1B50A1B2A1B9A1B4A1B1A1B1A1B5A1B13A1B1A1B5A2B20A1B12A1B4A1B1A2B1A1B2A1B15A1B9A2B12A1B25A1B12A1B5A1B29A1B1A1B7A1B8A1B2A1B16A1B15A1B1A1B3A1B4A1B3A1B2A1B2A1B6A1B35A1B8A1B10A1B2A1B57A2B16A1B4A1B9A1B11A1B4A2B2A1B10A1B17A1B21A1B10A1B2A2B8A1B24A1B4A1B1A1B6A1B19A1B10A1B4A1B42A1B20A1B11A1B14A1B7A1B18A1B18A1B20A1B14A1B2A1B27A1B18A1B3A1B1A1B26A1B35A1B3A1B3A1B47A1B14A1B1A1B3A1B6A1B3A1B1A1B6A1B3A1B13A1B1A2B2A1B14A2B9A1B8A2B2A1B18A1B19A1B3A1B14A1B3A1B7A1B12A1B5A1B6A1B2A1B4A1B12A1B6A1B11A1B2A1B2A1B7A1B1A1B5A1B2A2B21A1B9A1B19A1B6A1B4A1B1A1B10A1B1A1B52A2B2A1B1A2B9A1B4A1B20A1B15A1B1A1B2A2B6A1B2A1B4A1B2A1B3A1B5A1B1A1B3A1B3A1B2A2B1A1B3A1B13A1B21A1B1A2B8A1B10A1B44A1B6A1B1A1B2A1B13A1B23A1B1A1B18A1B6A1B9A1B6A1B1A1B3A1B7A1B2A1B12A1B22A1B5A1B11A1B7A1B4A1B6A1B4A1B1A1B6A1B16A1B9A1B32A1B38A2B30A1B2A1B51A1B4A1B15A2B15A1B14A1B9A1B22A1B36A1B8A2B7A1B9A1B9A1B11A1B18A1B43A1B13A1B12A1B6A1B14A1B12A1B2A1B10A2B4A2B2A1B16A1B88A2B76A1B46A1B20A1B3A1B3A1B4A1B1A1B8A1B5A1B11A1B738A1B73A1B212A1B83A2B2A2B17A1B12A2B1A1B7A1B5A1B2A1B2A1B1A1B4A1B1A1B9A1B4A1B29A1B11A1B5A1B7A1B1A1B11A1B20A2B14A1B3A1B12A1B5A1B1A1B8A2B20A2B6A1B9A1B16A1B10A1B16A1B1A1B10A1B12A1B6A1B1A1B17A1B9A1B13A1B45A2B38A1B4A1B4A1B19A1B2A1B39A1B12A2B1A1B8A1B3A1B18A1B3A1B9A2B16A1B9A1B4A1B2A1B11A1B1A1B22A1B4A1B12A1B41A1B33A1B13A2B3A1B7A1B3A2B9A1B6A1B8A1B22A1B11A1B16A2B3A1B9A1B3A2B26A1B19A1B4A1B4A1B1A1B35A1B21A1B3A3B19A1B3A1B40A1B5A1B3A1B8A2B6A1B53A1B16A1B29A1B4A1B5A1B6A1B11A1B3A2B24A1B26A1B28A1B10A1B5A1B81A1B18A1B4A2B6A1B1A1B1A1B3A1B2A2B7A1B15A1B2A1B9A1B5A1B15A1B2A1B3A1B4A1B2A1B6A1B3A1B5A1B18A2B7A1B6A1B12A1B1A1B16A1B18A1B15A1B4A1B3A1B17A1B43A1B2A1B19A1B21A2B1A1B9A1B1A2B2A1B7A1B13A2B7A2B16A1B18A2B14A1B16A2B5A1B2A1B1A1B3A2B10A1B3A1B14A1B9A1B10A3B1A1B6A1B12A2B4A2B18A1B7A2B8A2B2A1B3A1B2A2B9A2B3A1B4A1B12A1B38A1B4A1B1A1B8A1B10A3B6A1B37A1B3A1B5A1B8A1B3A1B4A1B8A1B3A1B4A1B11A2B4A2B1A1B2A1B9A2B11A1B1A1B4A1B1A1B3A1B3A1B9A1B8A1B2A1B4A1B2A1B4A1B4A1B15A1B11A1B12A1B1A1B6A1B1A1B8A1B7A2B3A1B5A3B3A1B7A1B2A1B11A1B3A1B17A1B1A1B23A1B2A1B3A1B4A1B3A1B8A1B3A2B10A1B5A1B6A1B15A1B5A1B1A1B11A3B4A1B9A1B3A1B2A1B7A1B3A1B14A3B10A1B9A3B20A1B5A1B3A1B7A1B6A1B17A1B2A1B5A1B3A1B26A1B6
MtDNA	1	13794	NIL_A6	2	BRC20067	120	122	1.675	4	B34A1B29A1B57
