strain	replicate	set	t_replicate	ratio
AB1	1	1	ratio1	21.27659574
AB1	2	1	ratio1	0
AB1	3	1	ratio1	41.20879121
AB1	4	1	ratio1	0.763358779
AB1	5	1	ratio1	0.564971751
AB1	1	1	ratio2	32.46753247
AB1	2	1	ratio2	0
AB1	3	1	ratio2	32.05128205
AB1	4	1	ratio2	0
AB1	5	1	ratio2	0
AB1	1	1	ratio3	38.35616438
AB1	2	1	ratio3	0
AB1	3	1	ratio3	26.25
AB1	4	1	ratio3	0.943396226
AB1	5	1	ratio3	0.819672131
AB1	1	1	ratio4	28.86597938
AB1	2	1	ratio4	0
AB1	3	1	ratio4	31
AB1	4	1	ratio4	0
AB1	5	1	ratio4	0.980392157
AB4	1	1	ratio1	0
AB4	2	1	ratio1	0
AB4	3	1	ratio1	0
AB4	4	1	ratio1	3.50877193
AB4	5	1	ratio1	1.98019802
AB4	1	1	ratio2	1.923076923
AB4	2	1	ratio2	0
AB4	3	1	ratio2	0
AB4	4	1	ratio2	4.285714286
AB4	5	1	ratio2	1.176470588
AB4	1	1	ratio3	0
AB4	2	1	ratio3	0
AB4	3	1	ratio3	0
AB4	4	1	ratio3	1.851851852
AB4	5	1	ratio3	0
AB4	1	1	ratio4	1.176470588
AB4	2	1	ratio4	0
AB4	3	1	ratio4	0
AB4	4	1	ratio4	0
AB4	5	1	ratio4	0
BRC20067	1	1	ratio1	0
BRC20067	2	1	ratio1	9.345794393
BRC20067	3	1	ratio1	1.136363636
BRC20067	4	1	ratio1	0
BRC20067	5	1	ratio1	0
BRC20067	1	1	ratio2	0
BRC20067	2	1	ratio2	14.86486486
BRC20067	3	1	ratio2	0.877192982
BRC20067	4	1	ratio2	0
BRC20067	5	1	ratio2	0
BRC20067	1	1	ratio3	0
BRC20067	2	1	ratio3	20
BRC20067	3	1	ratio3	0.806451613
BRC20067	4	1	ratio3	0
BRC20067	5	1	ratio3	0
BRC20067	1	1	ratio4	0
BRC20067	2	1	ratio4	10.63829787
BRC20067	3	1	ratio4	1.818181818
BRC20067	4	1	ratio4	1.351351351
BRC20067	5	1	ratio4	0
CB4852	1	1	ratio1	0
CB4852	2	1	ratio1	0
CB4852	3	1	ratio1	0
CB4852	4	1	ratio1	0
CB4852	5	1	ratio1	0
CB4852	1	1	ratio2	0
CB4852	2	1	ratio2	0
CB4852	3	1	ratio2	0
CB4852	4	1	ratio2	0
CB4852	5	1	ratio2	0
CB4852	1	1	ratio3	0
CB4852	2	1	ratio3	0
CB4852	3	1	ratio3	0
CB4852	4	1	ratio3	0
CB4852	5	1	ratio3	0
CB4852	1	1	ratio4	0
CB4852	2	1	ratio4	0
CB4852	3	1	ratio4	0
CB4852	4	1	ratio4	0
CB4852	5	1	ratio4	0
CB4853	1	1	ratio1	57.14285714
CB4853	2	1	ratio1	17.28395062
CB4853	3	1	ratio1	14.28571429
CB4853	4	1	ratio1	0
CB4853	5	1	ratio1	0
CB4853	1	1	ratio2	58.33333333
CB4853	2	1	ratio2	18.60465116
CB4853	3	1	ratio2	6.493506494
CB4853	4	1	ratio2	0
CB4853	5	1	ratio2	0
CB4853	1	1	ratio3	42.25352113
CB4853	2	1	ratio3	16.66666667
CB4853	3	1	ratio3	4.166666667
CB4853	4	1	ratio3	0
CB4853	5	1	ratio3	0
CB4853	1	1	ratio4	45.09803922
CB4853	2	1	ratio4	15.59633028
CB4853	3	1	ratio4	5.555555556
CB4853	4	1	ratio4	0
CB4853	5	1	ratio4	0
CB4854	1	1	ratio1	0
CB4854	2	1	ratio1	0
CB4854	3	1	ratio1	2.083333333
CB4854	4	1	ratio1	0
CB4854	5	1	ratio1	0
CB4854	1	1	ratio2	0
CB4854	2	1	ratio2	0
CB4854	3	1	ratio2	17.0212766
CB4854	4	1	ratio2	0
CB4854	5	1	ratio2	0
CB4854	1	1	ratio3	1.351351351
CB4854	2	1	ratio3	4.819277108
CB4854	3	1	ratio3	6.12244898
CB4854	4	1	ratio3	0
CB4854	5	1	ratio3	0
CB4854	1	1	ratio4	2.43902439
CB4854	2	1	ratio4	3.75
CB4854	3	1	ratio4	2.325581395
CB4854	4	1	ratio4	0
CB4854	5	1	ratio4	0
CB4856	1	1	ratio1	0
CB4856	2	1	ratio1	5.454545455
CB4856	3	1	ratio1	3.225806452
CB4856	4	1	ratio1	0
CB4856	5	1	ratio1	0
CB4856	1	1	ratio2	0
CB4856	2	1	ratio2	3.370786517
CB4856	3	1	ratio2	9.090909091
CB4856	4	1	ratio2	0
CB4856	5	1	ratio2	0
CB4856	1	1	ratio3	0
CB4856	2	1	ratio3	8.571428571
CB4856	3	1	ratio3	10.97560976
CB4856	4	1	ratio3	0
CB4856	5	1	ratio3	0.763358779
CB4856	1	1	ratio4	0
CB4856	2	1	ratio4	0
CB4856	3	1	ratio4	6.034482759
CB4856	4	1	ratio4	0
CB4856	5	1	ratio4	2.34375
CB4932	1	1	ratio1	0
CB4932	2	1	ratio1	0
CB4932	3	1	ratio1	0
CB4932	4	1	ratio1	2.816901408
CB4932	5	1	ratio1	0
CB4932	1	1	ratio2	0
CB4932	2	1	ratio2	0
CB4932	3	1	ratio2	0.934579439
CB4932	4	1	ratio2	0
CB4932	5	1	ratio2	0
CB4932	1	1	ratio3	0
CB4932	2	1	ratio3	0
CB4932	3	1	ratio3	0.900900901
CB4932	4	1	ratio3	2.197802198
CB4932	5	1	ratio3	0
CB4932	1	1	ratio4	0
CB4932	2	1	ratio4	0
CB4932	3	1	ratio4	1.123595506
CB4932	4	1	ratio4	1.01010101
CB4932	5	1	ratio4	0
CX11254	1	1	ratio1	0
CX11254	2	1	ratio1	7.5
CX11254	3	1	ratio1	6.956521739
CX11254	4	1	ratio1	0
CX11254	5	1	ratio1	0
CX11254	1	1	ratio2	0
CX11254	2	1	ratio2	1.298701299
CX11254	3	1	ratio2	3.296703297
CX11254	4	1	ratio2	0
CX11254	5	1	ratio2	0.757575758
CX11254	1	1	ratio3	5.128205128
CX11254	2	1	ratio3	6.557377049
CX11254	3	1	ratio3	6.4
CX11254	4	1	ratio3	1.123595506
CX11254	5	1	ratio3	0
CX11254	1	1	ratio4	0
CX11254	2	1	ratio4	1.265822785
CX11254	3	1	ratio4	2.586206897
CX11254	4	1	ratio4	0
CX11254	5	1	ratio4	0
CX11262	1	1	ratio1	0
CX11262	2	1	ratio1	0
CX11262	3	1	ratio1	0
CX11262	4	1	ratio1	0
CX11262	5	1	ratio1	0
CX11262	1	1	ratio2	0
CX11262	2	1	ratio2	0
CX11262	3	1	ratio2	0
CX11262	4	1	ratio2	0
CX11262	5	1	ratio2	0
CX11262	1	1	ratio3	0
CX11262	2	1	ratio3	0
CX11262	3	1	ratio3	0
CX11262	4	1	ratio3	0
CX11262	5	1	ratio3	0
CX11262	1	1	ratio4	0
CX11262	2	1	ratio4	0
CX11262	3	1	ratio4	0
CX11262	4	1	ratio4	0
CX11262	5	1	ratio4	0
CX11264	1	1	ratio1	0
CX11264	2	1	ratio1	0
CX11264	3	1	ratio1	3.96039604
CX11264	4	1	ratio1	0
CX11264	5	1	ratio1	0
CX11264	1	1	ratio2	0
CX11264	2	1	ratio2	0
CX11264	3	1	ratio2	0
CX11264	4	1	ratio2	10.11235955
CX11264	5	1	ratio2	0
CX11264	1	1	ratio3	0
CX11264	2	1	ratio3	5
CX11264	3	1	ratio3	0
CX11264	4	1	ratio3	9.89010989
CX11264	5	1	ratio3	0
CX11264	1	1	ratio4	0
CX11264	2	1	ratio4	9.195402299
CX11264	3	1	ratio4	0.854700855
CX11264	4	1	ratio4	4.938271605
CX11264	5	1	ratio4	0
CX11271	1	1	ratio1	37.25490196
CX11271	2	1	ratio1	19.11764706
CX11271	3	1	ratio1	1.754385965
CX11271	4	1	ratio1	2.53164557
CX11271	5	1	ratio1	0
CX11271	1	1	ratio2	25.30120482
CX11271	2	1	ratio2	17.39130435
CX11271	3	1	ratio2	0.609756098
CX11271	4	1	ratio2	3.658536585
CX11271	5	1	ratio2	0
CX11271	1	1	ratio3	32.5
CX11271	2	1	ratio3	19.46902655
CX11271	3	1	ratio3	0.869565217
CX11271	4	1	ratio3	0
CX11271	5	1	ratio3	0
CX11271	1	1	ratio4	15.12605042
CX11271	2	1	ratio4	3.389830508
CX11271	3	1	ratio4	0.729927007
CX11271	4	1	ratio4	0
CX11271	5	1	ratio4	0
CX11276	1	1	ratio1	13.74045802
CX11276	2	1	ratio1	0
CX11276	3	1	ratio1	3.418803419
CX11276	4	1	ratio1	2.898550725
CX11276	5	1	ratio1	0
CX11276	1	1	ratio2	25.19685039
CX11276	2	1	ratio2	7.291666667
CX11276	3	1	ratio2	3.361344538
CX11276	4	1	ratio2	6.153846154
CX11276	5	1	ratio2	0
CX11276	1	1	ratio3	25.58139535
CX11276	2	1	ratio3	11.29032258
CX11276	3	1	ratio3	3.246753247
CX11276	4	1	ratio3	0
CX11276	5	1	ratio3	0
CX11276	1	1	ratio4	21.56862745
CX11276	2	1	ratio4	9.459459459
CX11276	3	1	ratio4	1.398601399
CX11276	4	1	ratio4	1.020408163
CX11276	5	1	ratio4	0
CX11285	1	1	ratio1	0
CX11285	2	1	ratio1	2.173913043
CX11285	3	1	ratio1	2.272727273
CX11285	4	1	ratio1	0
CX11285	5	1	ratio1	0
CX11285	1	1	ratio2	0
CX11285	2	1	ratio2	0
CX11285	3	1	ratio2	0.746268657
CX11285	4	1	ratio2	0
CX11285	5	1	ratio2	0
CX11285	1	1	ratio3	0
CX11285	2	1	ratio3	2.985074627
CX11285	3	1	ratio3	0.847457627
CX11285	4	1	ratio3	1.886792453
CX11285	5	1	ratio3	0
CX11285	1	1	ratio4	0
CX11285	2	1	ratio4	0
CX11285	3	1	ratio4	1.754385965
CX11285	4	1	ratio4	1.052631579
CX11285	5	1	ratio4	0
CX11292	1	1	ratio1	10.71428571
CX11292	2	1	ratio1	9.278350515
CX11292	3	1	ratio1	3.125
CX11292	4	1	ratio1	3.389830508
CX11292	5	1	ratio1	0
CX11292	1	1	ratio2	44.87179487
CX11292	2	1	ratio2	11.02362205
CX11292	3	1	ratio2	0.869565217
CX11292	4	1	ratio2	9.615384615
CX11292	5	1	ratio2	0
CX11292	1	1	ratio3	22.32142857
CX11292	2	1	ratio3	8.620689655
CX11292	3	1	ratio3	2.205882353
CX11292	4	1	ratio3	1.351351351
CX11292	5	1	ratio3	0
CX11292	1	1	ratio4	24.34782609
CX11292	2	1	ratio4	4.938271605
CX11292	3	1	ratio4	1.851851852
CX11292	4	1	ratio4	3.80952381
CX11292	5	1	ratio4	0
CX11307	1	1	ratio1	1.075268817
CX11307	2	1	ratio1	0
CX11307	3	1	ratio1	0
CX11307	4	1	ratio1	1.5625
CX11307	5	1	ratio1	0
CX11307	1	2	ratio1	1.550387597
CX11307	2	2	ratio1	4.819277108
CX11307	3	2	ratio1	0
CX11307	4	2	ratio1	4.87804878
CX11307	5	2	ratio1	0
CX11307	1	3	ratio1	6.382978723
CX11307	2	3	ratio1	5
CX11307	3	3	ratio1	22.3880597
CX11307	4	3	ratio1	1.818181818
CX11307	5	3	ratio1	14.9122807
CX11307	1	1	ratio2	0
CX11307	2	1	ratio2	1.408450704
CX11307	3	1	ratio2	1.257861635
CX11307	4	1	ratio2	3.278688525
CX11307	5	1	ratio2	0
CX11307	1	2	ratio2	8.064516129
CX11307	2	2	ratio2	7.317073171
CX11307	3	2	ratio2	13.23529412
CX11307	4	2	ratio2	3.921568627
CX11307	5	2	ratio2	0
CX11307	1	3	ratio2	11.62790698
CX11307	2	3	ratio2	5.128205128
CX11307	3	3	ratio2	34.48275862
CX11307	4	3	ratio2	0
CX11307	5	3	ratio2	17.07317073
CX11307	1	1	ratio3	1.234567901
CX11307	2	1	ratio3	0
CX11307	3	1	ratio3	3.03030303
CX11307	4	1	ratio3	6.25
CX11307	5	1	ratio3	0
CX11307	1	2	ratio3	6.382978723
CX11307	2	2	ratio3	6.329113924
CX11307	3	2	ratio3	9.322033898
CX11307	4	2	ratio3	2.380952381
CX11307	5	2	ratio3	0
CX11307	1	3	ratio3	8.695652174
CX11307	2	3	ratio3	9.81595092
CX11307	3	3	ratio3	35.55555556
CX11307	4	3	ratio3	0
CX11307	5	3	ratio3	5.769230769
CX11307	1	1	ratio4	0
CX11307	2	1	ratio4	0
CX11307	3	1	ratio4	4.705882353
CX11307	4	1	ratio4	3.96039604
CX11307	5	1	ratio4	0
CX11307	1	2	ratio4	7.462686567
CX11307	2	2	ratio4	3.296703297
CX11307	3	2	ratio4	8.791208791
CX11307	4	2	ratio4	0
CX11307	5	2	ratio4	0
CX11307	1	3	ratio4	2.564102564
CX11307	2	3	ratio4	8
CX11307	3	3	ratio4	48
CX11307	4	3	ratio4	0
CX11307	5	3	ratio4	10.92436975
CX11315	1	1	ratio1	0
CX11315	2	1	ratio1	0
CX11315	3	1	ratio1	33.84615385
CX11315	4	1	ratio1	0
CX11315	5	1	ratio1	0
CX11315	1	1	ratio2	0
CX11315	2	1	ratio2	0
CX11315	3	1	ratio2	43.37349398
CX11315	4	1	ratio2	0
CX11315	5	1	ratio2	12.34567901
CX11315	1	1	ratio3	0
CX11315	2	1	ratio3	0
CX11315	3	1	ratio3	33.33333333
CX11315	4	1	ratio3	0
CX11315	5	1	ratio3	14.17322835
CX11315	1	1	ratio4	0
CX11315	2	1	ratio4	0
CX11315	3	1	ratio4	42.42424242
CX11315	4	1	ratio4	0
CX11315	5	1	ratio4	13.08411215
DL200	1	1	ratio1	3.846153846
DL200	2	1	ratio1	2.564102564
DL200	3	1	ratio1	2.912621359
DL200	4	1	ratio1	0
DL200	5	1	ratio1	0
DL200	1	1	ratio2	0
DL200	2	1	ratio2	6.666666667
DL200	3	1	ratio2	5.46875
DL200	4	1	ratio2	0
DL200	5	1	ratio2	0
DL200	1	1	ratio3	2.777777778
DL200	2	1	ratio3	2.325581395
DL200	3	1	ratio3	0
DL200	4	1	ratio3	0
DL200	5	1	ratio3	0
DL200	1	1	ratio4	0
DL200	2	1	ratio4	0
DL200	3	1	ratio4	6.25
DL200	4	1	ratio4	0
DL200	5	1	ratio4	0
DL226	1	1	ratio1	0
DL226	2	1	ratio1	1.694915254
DL226	3	1	ratio1	0
DL226	4	1	ratio1	15.90909091
DL226	5	1	ratio1	0
DL226	1	1	ratio2	18
DL226	2	1	ratio2	0
DL226	3	1	ratio2	0
DL226	4	1	ratio2	9.722222222
DL226	5	1	ratio2	0
DL226	1	1	ratio3	23.33333333
DL226	2	1	ratio3	1.449275362
DL226	3	1	ratio3	0
DL226	4	1	ratio3	15.68627451
DL226	5	1	ratio3	0
DL226	1	1	ratio4	9.433962264
DL226	2	1	ratio4	4.347826087
DL226	3	1	ratio4	0
DL226	4	1	ratio4	8.695652174
DL226	5	1	ratio4	0
DL238	1	1	ratio1	62.71186441
DL238	2	1	ratio1	27.53623188
DL238	3	1	ratio1	17.07317073
DL238	4	1	ratio1	14
DL238	5	1	ratio1	46.36363636
DL238	1	2	ratio1	26.53061224
DL238	2	2	ratio1	38.27160494
DL238	3	2	ratio1	43.75
DL238	4	2	ratio1	50
DL238	5	2	ratio1	18
DL238	1	3	ratio1	52.88461538
DL238	2	3	ratio1	66.66666667
DL238	3	3	ratio1	87.57062147
DL238	4	3	ratio1	32.65306122
DL238	5	3	ratio1	13.39285714
DL238	1	1	ratio2	54.71698113
DL238	2	1	ratio2	30.76923077
DL238	3	1	ratio2	38.63636364
DL238	4	1	ratio2	50
DL238	5	1	ratio2	43.47826087
DL238	1	2	ratio2	46.60194175
DL238	2	2	ratio2	47.5
DL238	3	2	ratio2	55
DL238	4	2	ratio2	83.72093023
DL238	5	2	ratio2	27.08333333
DL238	1	3	ratio2	54.21686747
DL238	2	3	ratio2	62.33766234
DL238	3	3	ratio2	88.88888889
DL238	4	3	ratio2	41.35338346
DL238	5	3	ratio2	17.21311475
DL238	1	1	ratio3	32.43243243
DL238	2	1	ratio3	50.70422535
DL238	3	1	ratio3	31.08108108
DL238	4	1	ratio3	49.18032787
DL238	5	1	ratio3	39.3442623
DL238	1	2	ratio3	49.10714286
DL238	2	2	ratio3	47.27272727
DL238	3	2	ratio3	47.32142857
DL238	4	2	ratio3	48.85057471
DL238	5	2	ratio3	18.36734694
DL238	1	3	ratio3	53.28947368
DL238	2	3	ratio3	30
DL238	3	3	ratio3	82.30088496
DL238	4	3	ratio3	50.625
DL238	5	3	ratio3	14.28571429
DL238	1	1	ratio4	42.10526316
DL238	2	1	ratio4	24.34782609
DL238	3	1	ratio4	35.61643836
DL238	4	1	ratio4	36.36363636
DL238	5	1	ratio4	41.50943396
DL238	1	2	ratio4	59.81308411
DL238	2	2	ratio4	26.66666667
DL238	3	2	ratio4	47.6744186
DL238	4	2	ratio4	25
DL238	5	2	ratio4	14.47368421
DL238	1	3	ratio4	63.41463415
DL238	2	3	ratio4	NA
DL238	3	3	ratio4	69.10569106
DL238	4	3	ratio4	52.43243243
DL238	5	3	ratio4	19.31818182
ECA243	1	1	ratio1	0
ECA243	2	1	ratio1	13.23529412
ECA243	3	1	ratio1	0
ECA243	4	1	ratio1	4.347826087
ECA243	5	1	ratio1	15
ECA243	1	1	ratio2	0
ECA243	2	1	ratio2	18
ECA243	3	1	ratio2	0
ECA243	4	1	ratio2	0
ECA243	5	1	ratio2	20
ECA243	1	1	ratio3	0
ECA243	2	1	ratio3	22.3880597
ECA243	3	1	ratio3	0
ECA243	4	1	ratio3	0
ECA243	5	1	ratio3	23.88059701
ECA243	1	1	ratio4	0
ECA243	2	1	ratio4	5.882352941
ECA243	3	1	ratio4	0
ECA243	4	1	ratio4	0
ECA243	5	1	ratio4	9.411764706
ECA248	1	1	ratio1	0
ECA248	2	1	ratio1	0
ECA248	3	1	ratio1	0
ECA248	4	1	ratio1	0
ECA248	5	1	ratio1	0
ECA248	1	1	ratio2	0
ECA248	2	1	ratio2	4.166666667
ECA248	3	1	ratio2	0
ECA248	4	1	ratio2	0
ECA248	5	1	ratio2	0
ECA248	1	1	ratio3	0
ECA248	2	1	ratio3	2.53164557
ECA248	3	1	ratio3	0
ECA248	4	1	ratio3	0
ECA248	5	1	ratio3	0
ECA248	1	1	ratio4	0
ECA248	2	1	ratio4	7.407407407
ECA248	3	1	ratio4	0
ECA248	4	1	ratio4	0
ECA248	5	1	ratio4	0
ECA250	1	1	ratio1	0
ECA250	2	1	ratio1	4.87804878
ECA250	3	1	ratio1	0
ECA250	4	1	ratio1	0
ECA250	5	1	ratio1	0
ECA250	1	1	ratio2	0
ECA250	2	1	ratio2	0
ECA250	3	1	ratio2	0
ECA250	4	1	ratio2	0
ECA250	5	1	ratio2	0
ECA250	1	1	ratio3	0
ECA250	2	1	ratio3	0
ECA250	3	1	ratio3	0
ECA250	4	1	ratio3	0
ECA250	5	1	ratio3	0
ECA250	1	1	ratio4	0
ECA250	2	1	ratio4	4.761904762
ECA250	3	1	ratio4	100
ECA250	4	1	ratio4	0
ECA250	5	1	ratio4	0
ECA252	1	1	ratio1	0
ECA252	2	1	ratio1	0
ECA252	3	1	ratio1	0
ECA252	4	1	ratio1	0
ECA252	5	1	ratio1	0
ECA252	1	1	ratio2	0
ECA252	2	1	ratio2	1.515151515
ECA252	3	1	ratio2	0
ECA252	4	1	ratio2	0
ECA252	5	1	ratio2	0
ECA252	1	1	ratio3	0
ECA252	2	1	ratio3	3.06122449
ECA252	3	1	ratio3	0
ECA252	4	1	ratio3	0
ECA252	5	1	ratio3	0
ECA252	1	1	ratio4	0
ECA252	2	1	ratio4	2.857142857
ECA252	3	1	ratio4	0
ECA252	4	1	ratio4	0
ECA252	5	1	ratio4	0
ECA36	1	1	ratio1	0
ECA36	2	1	ratio1	0
ECA36	3	1	ratio1	0
ECA36	4	1	ratio1	0
ECA36	5	1	ratio1	0
ECA36	1	1	ratio2	0
ECA36	2	1	ratio2	0
ECA36	3	1	ratio2	0
ECA36	4	1	ratio2	0
ECA36	5	1	ratio2	0
ECA36	1	1	ratio3	0
ECA36	2	1	ratio3	0
ECA36	3	1	ratio3	0
ECA36	4	1	ratio3	0
ECA36	5	1	ratio3	0
ECA36	1	1	ratio4	0
ECA36	2	1	ratio4	0
ECA36	3	1	ratio4	0
ECA36	4	1	ratio4	0
ECA36	5	1	ratio4	0
ED3005	1	1	ratio1	0
ED3005	2	1	ratio1	0
ED3005	3	1	ratio1	1.739130435
ED3005	4	1	ratio1	0
ED3005	5	1	ratio1	0
ED3005	1	1	ratio2	0
ED3005	2	1	ratio2	0
ED3005	3	1	ratio2	1.398601399
ED3005	4	1	ratio2	0
ED3005	5	1	ratio2	0
ED3005	1	1	ratio3	0
ED3005	2	1	ratio3	0
ED3005	3	1	ratio3	1.123595506
ED3005	4	1	ratio3	0
ED3005	5	1	ratio3	0
ED3005	1	1	ratio4	0
ED3005	2	1	ratio4	0
ED3005	3	1	ratio4	1.709401709
ED3005	4	1	ratio4	0
ED3005	5	1	ratio4	0
ED3011	1	1	ratio1	0
ED3011	2	1	ratio1	0
ED3011	3	1	ratio1	6.329113924
ED3011	4	1	ratio1	0
ED3011	5	1	ratio1	0
ED3011	1	1	ratio2	0
ED3011	2	1	ratio2	1.724137931
ED3011	3	1	ratio2	6.172839506
ED3011	4	1	ratio2	8.888888889
ED3011	5	1	ratio2	7.317073171
ED3011	1	1	ratio3	0.819672131
ED3011	2	1	ratio3	5.208333333
ED3011	3	1	ratio3	4.255319149
ED3011	4	1	ratio3	3.47826087
ED3011	5	1	ratio3	5.940594059
ED3011	1	1	ratio4	0
ED3011	2	1	ratio4	0
ED3011	3	1	ratio4	0
ED3011	4	1	ratio4	8.411214953
ED3011	5	1	ratio4	0
ED3012	1	1	ratio1	0
ED3012	2	1	ratio1	0
ED3012	3	1	ratio1	11.62790698
ED3012	4	1	ratio1	0
ED3012	5	1	ratio1	0
ED3012	1	1	ratio2	0
ED3012	2	1	ratio2	0
ED3012	3	1	ratio2	9.090909091
ED3012	4	1	ratio2	0
ED3012	5	1	ratio2	0
ED3012	1	1	ratio3	0
ED3012	2	1	ratio3	0
ED3012	3	1	ratio3	3.75
ED3012	4	1	ratio3	0
ED3012	5	1	ratio3	0
ED3012	1	1	ratio4	0
ED3012	2	1	ratio4	0
ED3012	3	1	ratio4	6.306306306
ED3012	4	1	ratio4	0
ED3012	5	1	ratio4	0
ED3040	1	1	ratio1	1.428571429
ED3040	2	1	ratio1	3.921568627
ED3040	3	1	ratio1	7.894736842
ED3040	4	1	ratio1	7.368421053
ED3040	5	1	ratio1	4.838709677
ED3040	1	1	ratio2	10.61946903
ED3040	2	1	ratio2	13.1147541
ED3040	3	1	ratio2	22.58064516
ED3040	4	1	ratio2	4.6875
ED3040	5	1	ratio2	14.47368421
ED3040	1	1	ratio3	2.083333333
ED3040	2	1	ratio3	34.84848485
ED3040	3	1	ratio3	27.02702703
ED3040	4	1	ratio3	8.333333333
ED3040	5	1	ratio3	1.408450704
ED3040	1	1	ratio4	12.17391304
ED3040	2	1	ratio4	26.66666667
ED3040	3	1	ratio4	18.05555556
ED3040	4	1	ratio4	16.47058824
ED3040	5	1	ratio4	7.339449541
ED3046	1	1	ratio1	66.66666667
ED3046	2	1	ratio1	100
ED3046	3	1	ratio1	45.33333333
ED3046	4	1	ratio1	47.31182796
ED3046	5	1	ratio1	5.714285714
ED3046	1	1	ratio2	54.95495495
ED3046	2	1	ratio2	100
ED3046	3	1	ratio2	18.60465116
ED3046	4	1	ratio2	55.73770492
ED3046	5	1	ratio2	3.225806452
ED3046	1	1	ratio3	63.0952381
ED3046	2	1	ratio3	98.38709677
ED3046	3	1	ratio3	27.27272727
ED3046	4	1	ratio3	51.25
ED3046	5	1	ratio3	3.378378378
ED3046	1	1	ratio4	39.17525773
ED3046	2	1	ratio4	43.83561644
ED3046	3	1	ratio4	28.98550725
ED3046	4	1	ratio4	51
ED3046	5	1	ratio4	0
ED3048	1	1	ratio1	0.909090909
ED3048	2	1	ratio1	17.64705882
ED3048	3	1	ratio1	32.5
ED3048	4	1	ratio1	35.59322034
ED3048	5	1	ratio1	0
ED3048	1	1	ratio2	4.444444444
ED3048	2	1	ratio2	11.11111111
ED3048	3	1	ratio2	14.94252874
ED3048	4	1	ratio2	25
ED3048	5	1	ratio2	0
ED3048	1	1	ratio3	0.775193798
ED3048	2	1	ratio3	21.81818182
ED3048	3	1	ratio3	15.45454545
ED3048	4	1	ratio3	19.8019802
ED3048	5	1	ratio3	0
ED3048	1	1	ratio4	1.063829787
ED3048	2	1	ratio4	7.5
ED3048	3	1	ratio4	20.87912088
ED3048	4	1	ratio4	18.03278689
ED3048	5	1	ratio4	0
ED3049	1	1	ratio1	54.31034483
ED3049	2	1	ratio1	25
ED3049	3	1	ratio1	4.87804878
ED3049	4	1	ratio1	35.71428571
ED3049	5	1	ratio1	9.302325581
ED3049	1	1	ratio2	60
ED3049	2	1	ratio2	24.07407407
ED3049	3	1	ratio2	2.631578947
ED3049	4	1	ratio2	30
ED3049	5	1	ratio2	3.06122449
ED3049	1	1	ratio3	38.54166667
ED3049	2	1	ratio3	24.59016393
ED3049	3	1	ratio3	2.173913043
ED3049	4	1	ratio3	67.14285714
ED3049	5	1	ratio3	2.352941176
ED3049	1	1	ratio4	39.31623932
ED3049	2	1	ratio4	7.56302521
ED3049	3	1	ratio4	1.257861635
ED3049	4	1	ratio4	54.76190476
ED3049	5	1	ratio4	0
ED3052	1	1	ratio1	0
ED3052	2	1	ratio1	0
ED3052	3	1	ratio1	3.636363636
ED3052	4	1	ratio1	5.357142857
ED3052	5	1	ratio1	0
ED3052	1	1	ratio2	1.063829787
ED3052	2	1	ratio2	0
ED3052	3	1	ratio2	3.333333333
ED3052	4	1	ratio2	6.060606061
ED3052	5	1	ratio2	0
ED3052	1	1	ratio3	1.724137931
ED3052	2	1	ratio3	0
ED3052	3	1	ratio3	1.714285714
ED3052	4	1	ratio3	2.040816327
ED3052	5	1	ratio3	0
ED3052	1	1	ratio4	0.78125
ED3052	2	1	ratio4	0
ED3052	3	1	ratio4	1.526717557
ED3052	4	1	ratio4	1.315789474
ED3052	5	1	ratio4	0
ED3073	1	1	ratio1	0
ED3073	2	1	ratio1	0
ED3073	3	1	ratio1	1.612903226
ED3073	4	1	ratio1	0
ED3073	5	1	ratio1	0
ED3073	1	1	ratio2	0
ED3073	2	1	ratio2	0
ED3073	3	1	ratio2	4.081632653
ED3073	4	1	ratio2	0
ED3073	5	1	ratio2	0
ED3073	1	1	ratio3	0
ED3073	2	1	ratio3	0
ED3073	3	1	ratio3	10.18518519
ED3073	4	1	ratio3	0
ED3073	5	1	ratio3	0
ED3073	1	1	ratio4	0
ED3073	2	1	ratio4	0
ED3073	3	1	ratio4	2.083333333
ED3073	4	1	ratio4	0
ED3073	5	1	ratio4	0
ED3077	1	1	ratio1	0
ED3077	2	1	ratio1	2.325581395
ED3077	3	1	ratio1	9.375
ED3077	4	1	ratio1	0
ED3077	5	1	ratio1	0
ED3077	1	1	ratio2	0
ED3077	2	1	ratio2	0
ED3077	3	1	ratio2	1.694915254
ED3077	4	1	ratio2	0
ED3077	5	1	ratio2	0
ED3077	1	1	ratio3	0
ED3077	2	1	ratio3	0
ED3077	3	1	ratio3	6.172839506
ED3077	4	1	ratio3	0
ED3077	5	1	ratio3	0
ED3077	1	1	ratio4	0
ED3077	2	1	ratio4	0
ED3077	3	1	ratio4	6.930693069
ED3077	4	1	ratio4	0
ED3077	5	1	ratio4	0
EG4347	1	1	ratio1	6.944444444
EG4347	2	1	ratio1	35
EG4347	3	1	ratio1	0
EG4347	4	1	ratio1	0
EG4347	5	1	ratio1	0
EG4347	1	1	ratio2	0
EG4347	2	1	ratio2	46.05263158
EG4347	3	1	ratio2	0
EG4347	4	1	ratio2	0
EG4347	5	1	ratio2	0
EG4347	1	1	ratio3	1.639344262
EG4347	2	1	ratio3	36
EG4347	3	1	ratio3	1.851851852
EG4347	4	1	ratio3	1.086956522
EG4347	5	1	ratio3	0
EG4347	1	1	ratio4	0
EG4347	2	1	ratio4	15.74074074
EG4347	3	1	ratio4	0
EG4347	4	1	ratio4	0.869565217
EG4347	5	1	ratio4	0
EG4349	1	1	ratio1	0
EG4349	2	1	ratio1	0
EG4349	3	1	ratio1	1.111111111
EG4349	4	1	ratio1	0
EG4349	5	1	ratio1	0
EG4349	1	1	ratio2	7.619047619
EG4349	2	1	ratio2	8.450704225
EG4349	3	1	ratio2	7.272727273
EG4349	4	1	ratio2	0
EG4349	5	1	ratio2	2.941176471
EG4349	1	1	ratio3	11.36363636
EG4349	2	1	ratio3	8.064516129
EG4349	3	1	ratio3	7.5
EG4349	4	1	ratio3	1.5625
EG4349	5	1	ratio3	11.29032258
EG4349	1	1	ratio4	9.411764706
EG4349	2	1	ratio4	9.183673469
EG4349	3	1	ratio4	3.669724771
EG4349	4	1	ratio4	0
EG4349	5	1	ratio4	14.40677966
EG4724	1	1	ratio1	0
EG4724	2	1	ratio1	0
EG4724	3	1	ratio1	0
EG4724	4	1	ratio1	9.85915493
EG4724	5	1	ratio1	0
EG4724	1	1	ratio2	0
EG4724	2	1	ratio2	0
EG4724	3	1	ratio2	6.578947368
EG4724	4	1	ratio2	4.054054054
EG4724	5	1	ratio2	0
EG4724	1	1	ratio3	0
EG4724	2	1	ratio3	0
EG4724	3	1	ratio3	1.639344262
EG4724	4	1	ratio3	7.317073171
EG4724	5	1	ratio3	0
EG4724	1	1	ratio4	0
EG4724	2	1	ratio4	0
EG4724	3	1	ratio4	1.851851852
EG4724	4	1	ratio4	2.325581395
EG4724	5	1	ratio4	0
EG4725	1	1	ratio1	55.12820513
EG4725	2	1	ratio1	29.41176471
EG4725	3	1	ratio1	31.11111111
EG4725	4	1	ratio1	33.33333333
EG4725	5	1	ratio1	66.66666667
EG4725	1	2	ratio1	42.85714286
EG4725	2	2	ratio1	44.44444444
EG4725	3	2	ratio1	56.16438356
EG4725	4	2	ratio1	42.25352113
EG4725	5	2	ratio1	26
EG4725	1	3	ratio1	46.34146341
EG4725	2	3	ratio1	35.13513514
EG4725	3	3	ratio1	74.80916031
EG4725	4	3	ratio1	0.840336134
EG4725	5	3	ratio1	34.19354839
EG4725	1	1	ratio2	26.38888889
EG4725	2	1	ratio2	22.5
EG4725	3	1	ratio2	22.5
EG4725	4	1	ratio2	20
EG4725	5	1	ratio2	58.97435897
EG4725	1	2	ratio2	48.52941176
EG4725	2	2	ratio2	42.22222222
EG4725	3	2	ratio2	51.85185185
EG4725	4	2	ratio2	56
EG4725	5	2	ratio2	25
EG4725	1	3	ratio2	35.29411765
EG4725	2	3	ratio2	62.92134831
EG4725	3	3	ratio2	62.92134831
EG4725	4	3	ratio2	1.923076923
EG4725	5	3	ratio2	26.77165354
EG4725	1	1	ratio3	29.33333333
EG4725	2	1	ratio3	41.93548387
EG4725	3	1	ratio3	18.46153846
EG4725	4	1	ratio3	15.25423729
EG4725	5	1	ratio3	15.38461538
EG4725	1	2	ratio3	45.45454545
EG4725	2	2	ratio3	42.52873563
EG4725	3	2	ratio3	47.2972973
EG4725	4	2	ratio3	83.92857143
EG4725	5	2	ratio3	25.51020408
EG4725	1	3	ratio3	36.73469388
EG4725	2	3	ratio3	64
EG4725	3	3	ratio3	57.60869565
EG4725	4	3	ratio3	1.459854015
EG4725	5	3	ratio3	36.8
EG4725	1	1	ratio4	20.23809524
EG4725	2	1	ratio4	34.09090909
EG4725	3	1	ratio4	26.37362637
EG4725	4	1	ratio4	22.85714286
EG4725	5	1	ratio4	13.92405063
EG4725	1	2	ratio4	42.15686275
EG4725	2	2	ratio4	41.66666667
EG4725	3	2	ratio4	46.73913043
EG4725	4	2	ratio4	39.65517241
EG4725	5	2	ratio4	22.36842105
EG4725	1	3	ratio4	46.875
EG4725	2	3	ratio4	47.16981132
EG4725	3	3	ratio4	69.29824561
EG4725	4	3	ratio4	1.724137931
EG4725	5	3	ratio4	52.35602094
EG4946	1	1	ratio1	0
EG4946	2	1	ratio1	0
EG4946	3	1	ratio1	5.063291139
EG4946	4	1	ratio1	0
EG4946	5	1	ratio1	0
EG4946	1	1	ratio2	0
EG4946	2	1	ratio2	0
EG4946	3	1	ratio2	6.153846154
EG4946	4	1	ratio2	0
EG4946	5	1	ratio2	0
EG4946	1	1	ratio3	0
EG4946	2	1	ratio3	2.43902439
EG4946	3	1	ratio3	5.405405405
EG4946	4	1	ratio3	0
EG4946	5	1	ratio3	0
EG4946	1	1	ratio4	0
EG4946	2	1	ratio4	4.705882353
EG4946	3	1	ratio4	7.843137255
EG4946	4	1	ratio4	0
EG4946	5	1	ratio4	0
GXW1	1	1	ratio1	0
GXW1	2	1	ratio1	0
GXW1	3	1	ratio1	0
GXW1	4	1	ratio1	0
GXW1	5	1	ratio1	0
GXW1	1	1	ratio2	0
GXW1	2	1	ratio2	0
GXW1	3	1	ratio2	0
GXW1	4	1	ratio2	0
GXW1	5	1	ratio2	0
GXW1	1	1	ratio3	0
GXW1	2	1	ratio3	0
GXW1	3	1	ratio3	0
GXW1	4	1	ratio3	0
GXW1	5	1	ratio3	0
GXW1	1	1	ratio4	0
GXW1	2	1	ratio4	0
GXW1	3	1	ratio4	0
GXW1	4	1	ratio4	0
GXW1	5	1	ratio4	0
JT11398	1	1	ratio1	1.587301587
JT11398	2	1	ratio1	0
JT11398	3	1	ratio1	0
JT11398	4	1	ratio1	0
JT11398	5	1	ratio1	0
JT11398	1	1	ratio2	3.225806452
JT11398	2	1	ratio2	0
JT11398	3	1	ratio2	0
JT11398	4	1	ratio2	0
JT11398	5	1	ratio2	0
JT11398	1	1	ratio3	0
JT11398	2	1	ratio3	0
JT11398	3	1	ratio3	0
JT11398	4	1	ratio3	0
JT11398	5	1	ratio3	0
JT11398	1	1	ratio4	0
JT11398	2	1	ratio4	0
JT11398	3	1	ratio4	0
JT11398	4	1	ratio4	0
JT11398	5	1	ratio4	0
JU1172	1	2	ratio1	0
JU1172	2	2	ratio1	0
JU1172	3	2	ratio1	0
JU1172	4	2	ratio1	1.5625
JU1172	5	2	ratio1	0
JU1172	1	2	ratio2	0
JU1172	2	2	ratio2	0
JU1172	3	2	ratio2	0
JU1172	4	2	ratio2	4
JU1172	5	2	ratio2	0
JU1172	1	2	ratio3	0
JU1172	2	2	ratio3	0
JU1172	3	2	ratio3	0
JU1172	4	2	ratio3	3.409090909
JU1172	5	2	ratio3	0
JU1172	1	2	ratio4	0
JU1172	2	2	ratio4	0
JU1172	3	2	ratio4	0
JU1172	4	2	ratio4	5.839416058
JU1172	5	2	ratio4	0
JU1200	1	2	ratio1	73.97260274
JU1200	2	2	ratio1	10.90909091
JU1200	3	2	ratio1	0
JU1200	4	2	ratio1	5.46875
JU1200	5	2	ratio1	0
JU1200	1	2	ratio2	62.22222222
JU1200	2	2	ratio2	22.4137931
JU1200	3	2	ratio2	0
JU1200	4	2	ratio2	4.504504505
JU1200	5	2	ratio2	0
JU1200	1	2	ratio3	69.27374302
JU1200	2	2	ratio3	8.61423221
JU1200	3	2	ratio3	0
JU1200	4	2	ratio3	6.71641791
JU1200	5	2	ratio3	0
JU1200	1	2	ratio4	66.05504587
JU1200	2	2	ratio4	17.87439614
JU1200	3	2	ratio4	0
JU1200	4	2	ratio4	1.769911504
JU1200	5	2	ratio4	0
JU1212	1	2	ratio1	36.50793651
JU1212	2	2	ratio1	2.290076336
JU1212	3	2	ratio1	0
JU1212	4	2	ratio1	0
JU1212	5	2	ratio1	0
JU1212	1	2	ratio2	39.71631206
JU1212	2	2	ratio2	1.5
JU1212	3	2	ratio2	0
JU1212	4	2	ratio2	0
JU1212	5	2	ratio2	0
JU1212	1	2	ratio3	33.91304348
JU1212	2	2	ratio3	0.609756098
JU1212	3	2	ratio3	0
JU1212	4	2	ratio3	1.162790698
JU1212	5	2	ratio3	0
JU1212	1	2	ratio4	30.70866142
JU1212	2	2	ratio4	1.27388535
JU1212	3	2	ratio4	0
JU1212	4	2	ratio4	0
JU1212	5	2	ratio4	0
JU1213	1	2	ratio1	0
JU1213	2	2	ratio1	0
JU1213	3	2	ratio1	0
JU1213	4	2	ratio1	3.260869565
JU1213	5	2	ratio1	5.454545455
JU1213	1	2	ratio2	8.823529412
JU1213	2	2	ratio2	1.587301587
JU1213	3	2	ratio2	0
JU1213	4	2	ratio2	1.587301587
JU1213	5	2	ratio2	5.434782609
JU1213	1	2	ratio3	5.050505051
JU1213	2	2	ratio3	2.290076336
JU1213	3	2	ratio3	0
JU1213	4	2	ratio3	0.675675676
JU1213	5	2	ratio3	5.93220339
JU1213	1	2	ratio4	11.62790698
JU1213	2	2	ratio4	0.806451613
JU1213	3	2	ratio4	0
JU1213	4	2	ratio4	0.497512438
JU1213	5	2	ratio4	4.95049505
JU1242	1	2	ratio1	0
JU1242	2	2	ratio1	0
JU1242	3	2	ratio1	0
JU1242	4	2	ratio1	0
JU1242	5	2	ratio1	13.04347826
JU1242	1	2	ratio2	0
JU1242	2	2	ratio2	0
JU1242	3	2	ratio2	0
JU1242	4	2	ratio2	0
JU1242	5	2	ratio2	19.13043478
JU1242	1	2	ratio3	0
JU1242	2	2	ratio3	0
JU1242	3	2	ratio3	0
JU1242	4	2	ratio3	0
JU1242	5	2	ratio3	21.70542636
JU1242	1	2	ratio4	0
JU1242	2	2	ratio4	0
JU1242	3	2	ratio4	0
JU1242	4	2	ratio4	0
JU1242	5	2	ratio4	13.43283582
JU1246	1	2	ratio1	0
JU1246	2	2	ratio1	0
JU1246	3	2	ratio1	0
JU1246	4	2	ratio1	0
JU1246	5	2	ratio1	0
JU1246	1	2	ratio2	0
JU1246	2	2	ratio2	0.970873786
JU1246	3	2	ratio2	0
JU1246	4	2	ratio2	0
JU1246	5	2	ratio2	0
JU1246	1	2	ratio3	0
JU1246	2	2	ratio3	0
JU1246	3	2	ratio3	0
JU1246	4	2	ratio3	0
JU1246	5	2	ratio3	0
JU1246	1	2	ratio4	0
JU1246	2	2	ratio4	0
JU1246	3	2	ratio4	0
JU1246	4	2	ratio4	0
JU1246	5	2	ratio4	0
JU1395	1	2	ratio1	46.96969697
JU1395	2	2	ratio1	64.09090909
JU1395	3	2	ratio1	13.26530612
JU1395	4	2	ratio1	19.1011236
JU1395	5	2	ratio1	0
JU1395	1	2	ratio2	36.5
JU1395	2	2	ratio2	60.16949153
JU1395	3	2	ratio2	9.401709402
JU1395	4	2	ratio2	32.65306122
JU1395	5	2	ratio2	0
JU1395	1	2	ratio3	16
JU1395	2	2	ratio3	66.66666667
JU1395	3	2	ratio3	5.405405405
JU1395	4	2	ratio3	11.42857143
JU1395	5	2	ratio3	0
JU1395	1	2	ratio4	15.86206897
JU1395	2	2	ratio4	46.45390071
JU1395	3	2	ratio4	7.01754386
JU1395	4	2	ratio4	27.27272727
JU1395	5	2	ratio4	0
JU1400	1	2	ratio1	0
JU1400	2	2	ratio1	0
JU1400	3	2	ratio1	0
JU1400	4	2	ratio1	0
JU1400	5	2	ratio1	0
JU1400	1	2	ratio2	0
JU1400	2	2	ratio2	0
JU1400	3	2	ratio2	0
JU1400	4	2	ratio2	2.941176471
JU1400	5	2	ratio2	1.030927835
JU1400	1	2	ratio3	0
JU1400	2	2	ratio3	0
JU1400	3	2	ratio3	0
JU1400	4	2	ratio3	0.99009901
JU1400	5	2	ratio3	0
JU1400	1	2	ratio4	0
JU1400	2	2	ratio4	0.709219858
JU1400	3	2	ratio4	0
JU1400	4	2	ratio4	0
JU1400	5	2	ratio4	1.612903226
JU1409	1	2	ratio1	3.278688525
JU1409	2	2	ratio1	4.411764706
JU1409	3	2	ratio1	0
JU1409	4	2	ratio1	0
JU1409	5	2	ratio1	0
JU1409	1	2	ratio2	10.25641026
JU1409	2	2	ratio2	0
JU1409	3	2	ratio2	0
JU1409	4	2	ratio2	0
JU1409	5	2	ratio2	0
JU1409	1	2	ratio3	5.263157895
JU1409	2	2	ratio3	0.613496933
JU1409	3	2	ratio3	0
JU1409	4	2	ratio3	0
JU1409	5	2	ratio3	0
JU1409	1	2	ratio4	3.75
JU1409	2	2	ratio4	0
JU1409	3	2	ratio4	0
JU1409	4	2	ratio4	0.709219858
JU1409	5	2	ratio4	0
JU1440	1	2	ratio1	55.97484277
JU1440	2	2	ratio1	81.39534884
JU1440	3	2	ratio1	0
JU1440	4	2	ratio1	2.380952381
JU1440	5	2	ratio1	0
JU1440	1	2	ratio2	59.13978495
JU1440	2	2	ratio2	61.84210526
JU1440	3	2	ratio2	0
JU1440	4	2	ratio2	4.301075269
JU1440	5	2	ratio2	0
JU1440	1	2	ratio3	54.30463576
JU1440	2	2	ratio3	73.25581395
JU1440	3	2	ratio3	0
JU1440	4	2	ratio3	0
JU1440	5	2	ratio3	0
JU1440	1	2	ratio4	55.55555556
JU1440	2	2	ratio4	92.22222222
JU1440	3	2	ratio4	0
JU1440	4	2	ratio4	1.111111111
JU1440	5	2	ratio4	0
JU1491	1	2	ratio1	0
JU1491	2	2	ratio1	0
JU1491	3	2	ratio1	0
JU1491	4	2	ratio1	0
JU1491	5	2	ratio1	0
JU1491	1	2	ratio2	0
JU1491	2	2	ratio2	0
JU1491	3	2	ratio2	0
JU1491	4	2	ratio2	0
JU1491	5	2	ratio2	0
JU1491	1	2	ratio3	1.904761905
JU1491	2	2	ratio3	0
JU1491	3	2	ratio3	0
JU1491	4	2	ratio3	0.985221675
JU1491	5	2	ratio3	0
JU1491	1	2	ratio4	0
JU1491	2	2	ratio4	0
JU1491	3	2	ratio4	0
JU1491	4	2	ratio4	0.970873786
JU1491	5	2	ratio4	0
JU1530	1	2	ratio1	0
JU1530	2	2	ratio1	0
JU1530	1	2	ratio2	0
JU1530	2	2	ratio2	0
JU1530	1	2	ratio3	0
JU1530	2	2	ratio3	0
JU1530	1	2	ratio4	0
JU1530	2	2	ratio4	0
JU1568	1	2	ratio1	2.247191011
JU1568	2	2	ratio1	0
JU1568	3	2	ratio1	0
JU1568	4	2	ratio1	0
JU1568	5	2	ratio1	0
JU1568	1	2	ratio2	1.898734177
JU1568	2	2	ratio2	0.819672131
JU1568	3	2	ratio2	0
JU1568	4	2	ratio2	0
JU1568	5	2	ratio2	0
JU1568	1	2	ratio3	0
JU1568	2	2	ratio3	0
JU1568	3	2	ratio3	0
JU1568	4	2	ratio3	0
JU1568	5	2	ratio3	0
JU1568	1	2	ratio4	0.621118012
JU1568	2	2	ratio4	0
JU1568	3	2	ratio4	0
JU1568	4	2	ratio4	0
JU1568	5	2	ratio4	0
JU1581	1	2	ratio1	10.71428571
JU1581	2	2	ratio1	15.68627451
JU1581	1	2	ratio2	21.31147541
JU1581	2	2	ratio2	16.66666667
JU1581	1	2	ratio3	10.86956522
JU1581	2	2	ratio3	14.66666667
JU1581	1	2	ratio4	31.11111111
JU1581	2	2	ratio4	11.25
JU1586	1	2	ratio1	46.66666667
JU1586	2	2	ratio1	10.9375
JU1586	3	2	ratio1	4
JU1586	4	2	ratio1	59.7826087
JU1586	5	2	ratio1	0
JU1586	1	2	ratio2	59.22330097
JU1586	2	2	ratio2	33.76623377
JU1586	3	2	ratio2	4.411764706
JU1586	4	2	ratio2	50
JU1586	5	2	ratio2	0
JU1586	1	2	ratio3	53.76344086
JU1586	2	2	ratio3	17.04545455
JU1586	3	2	ratio3	0
JU1586	4	2	ratio3	46.66666667
JU1586	5	2	ratio3	0
JU1586	1	2	ratio4	100
JU1586	2	2	ratio4	14.54545455
JU1586	3	2	ratio4	0
JU1586	4	2	ratio4	23.13432836
JU1586	5	2	ratio4	0
JU1652	1	2	ratio1	100
JU1652	2	2	ratio1	66.94214876
JU1652	3	2	ratio1	4.724409449
JU1652	4	2	ratio1	0
JU1652	5	2	ratio1	0
JU1652	1	2	ratio2	92.91338583
JU1652	2	2	ratio2	35.45454545
JU1652	3	2	ratio2	3
JU1652	4	2	ratio2	0
JU1652	5	2	ratio2	0
JU1652	1	2	ratio3	100
JU1652	2	2	ratio3	43.33333333
JU1652	3	2	ratio3	3.092783505
JU1652	4	2	ratio3	0
JU1652	5	2	ratio3	0
JU1652	1	2	ratio4	46.66666667
JU1652	2	2	ratio4	14.72868217
JU1652	3	2	ratio4	6.504065041
JU1652	4	2	ratio4	0
JU1652	5	2	ratio4	0
JU1896	1	2	ratio1	0
JU1896	2	2	ratio1	0
JU1896	3	2	ratio1	0
JU1896	4	2	ratio1	3.06122449
JU1896	5	2	ratio1	0
JU1896	1	2	ratio2	0
JU1896	2	2	ratio2	0
JU1896	3	2	ratio2	0
JU1896	4	2	ratio2	2.02020202
JU1896	5	2	ratio2	0
JU1896	1	2	ratio3	0
JU1896	2	2	ratio3	0
JU1896	3	2	ratio3	0
JU1896	4	2	ratio3	5.172413793
JU1896	5	2	ratio3	0
JU1896	1	2	ratio4	0
JU1896	2	2	ratio4	0
JU1896	3	2	ratio4	0
JU1896	4	2	ratio4	10.37037037
JU1896	5	2	ratio4	0
JU2001	1	2	ratio1	0
JU2001	2	2	ratio1	0
JU2001	3	2	ratio1	0
JU2001	4	2	ratio1	0
JU2001	5	2	ratio1	0
JU2001	1	2	ratio2	0
JU2001	2	2	ratio2	0
JU2001	3	2	ratio2	0
JU2001	4	2	ratio2	0
JU2001	5	2	ratio2	0
JU2001	1	2	ratio3	0
JU2001	2	2	ratio3	0
JU2001	3	2	ratio3	0
JU2001	4	2	ratio3	0
JU2001	5	2	ratio3	0
JU2001	1	2	ratio4	0
JU2001	2	2	ratio4	0
JU2001	3	2	ratio4	0
JU2001	4	2	ratio4	0
JU2001	5	2	ratio4	0
JU2007	1	2	ratio1	0
JU2007	2	2	ratio1	0
JU2007	3	2	ratio1	0
JU2007	4	2	ratio1	2.97029703
JU2007	5	2	ratio1	0
JU2007	1	2	ratio2	0
JU2007	2	2	ratio2	0
JU2007	3	2	ratio2	0
JU2007	4	2	ratio2	4.87804878
JU2007	5	2	ratio2	0
JU2007	1	2	ratio3	0
JU2007	2	2	ratio3	0
JU2007	3	2	ratio3	0
JU2007	4	2	ratio3	0.632911392
JU2007	5	2	ratio3	0
JU2007	1	2	ratio4	0
JU2007	2	2	ratio4	0
JU2007	3	2	ratio4	0
JU2007	4	2	ratio4	2.202643172
JU2007	5	2	ratio4	0
JU2316	1	2	ratio1	90
JU2316	2	2	ratio1	43.1372549
JU2316	3	2	ratio1	4
JU2316	4	2	ratio1	8.823529412
JU2316	5	2	ratio1	0
JU2316	1	2	ratio2	75.28089888
JU2316	2	2	ratio2	57.61904762
JU2316	3	2	ratio2	2
JU2316	4	2	ratio2	11.11111111
JU2316	5	2	ratio2	0
JU2316	1	2	ratio3	59.16666667
JU2316	2	2	ratio3	66.875
JU2316	3	2	ratio3	2.97029703
JU2316	4	2	ratio3	6.790123457
JU2316	5	2	ratio3	0
JU2316	1	2	ratio4	22.52252252
JU2316	2	2	ratio4	50.98039216
JU2316	3	2	ratio4	3.06122449
JU2316	4	2	ratio4	8.5
JU2316	5	2	ratio4	0
JU2464	3	2	ratio1	0
JU2464	4	2	ratio1	0
JU2464	5	2	ratio1	0
JU2464	3	2	ratio2	0
JU2464	4	2	ratio2	0
JU2464	5	2	ratio2	0
JU2464	3	2	ratio3	0
JU2464	4	2	ratio3	0
JU2464	5	2	ratio3	0
JU2464	3	2	ratio4	0
JU2464	4	2	ratio4	0
JU2464	5	2	ratio4	0
JU2466	1	2	ratio1	15.73033708
JU2466	2	2	ratio1	47.05882353
JU2466	3	2	ratio1	0
JU2466	4	2	ratio1	10.83333333
JU2466	5	2	ratio1	3.649635036
JU2466	1	2	ratio2	19.32773109
JU2466	2	2	ratio2	53.96825397
JU2466	3	2	ratio2	13.55932203
JU2466	4	2	ratio2	0
JU2466	5	2	ratio2	11.42857143
JU2466	1	2	ratio3	4.285714286
JU2466	2	2	ratio3	46.59090909
JU2466	3	2	ratio3	44
JU2466	4	2	ratio3	2.985074627
JU2466	5	2	ratio3	6.748466258
JU2466	1	2	ratio4	26.37362637
JU2466	2	2	ratio4	58.63874346
JU2466	3	2	ratio4	7.476635514
JU2466	4	2	ratio4	1.333333333
JU2466	5	2	ratio4	3.488372093
JU2513	1	2	ratio1	4.444444444
JU2513	2	2	ratio1	8.333333333
JU2513	3	2	ratio1	1.724137931
JU2513	4	2	ratio1	0
JU2513	5	2	ratio1	0
JU2513	1	2	ratio2	6.481481481
JU2513	2	2	ratio2	14.03508772
JU2513	3	2	ratio2	0
JU2513	4	2	ratio2	0
JU2513	5	2	ratio2	0
JU2513	1	2	ratio3	3.076923077
JU2513	2	2	ratio3	7.142857143
JU2513	3	2	ratio3	0.99009901
JU2513	4	2	ratio3	2
JU2513	5	2	ratio3	0
JU2513	1	2	ratio4	3.937007874
JU2513	2	2	ratio4	16.98113208
JU2513	3	2	ratio4	3.703703704
JU2513	4	2	ratio4	1.398601399
JU2513	5	2	ratio4	0
JU2519	1	2	ratio1	0
JU2519	2	2	ratio1	0
JU2519	3	2	ratio1	0
JU2519	4	2	ratio1	0
JU2519	5	2	ratio1	0
JU2519	1	2	ratio2	0
JU2519	2	2	ratio2	0
JU2519	3	2	ratio2	0
JU2519	4	2	ratio2	0
JU2519	5	2	ratio2	0
JU2519	1	2	ratio3	0
JU2519	2	2	ratio3	0
JU2519	3	2	ratio3	0
JU2519	4	2	ratio3	0
JU2519	5	2	ratio3	0
JU2519	1	2	ratio4	0
JU2519	2	2	ratio4	0
JU2519	3	2	ratio4	0
JU2519	4	2	ratio4	0
JU2519	5	2	ratio4	0
JU2522	1	2	ratio1	12
JU2522	2	2	ratio1	42.25352113
JU2522	3	2	ratio1	7.476635514
JU2522	4	2	ratio1	40
JU2522	5	2	ratio1	5.34351145
JU2522	1	2	ratio2	20.63492063
JU2522	2	2	ratio2	48.7804878
JU2522	3	2	ratio2	6.818181818
JU2522	4	2	ratio2	45.45454545
JU2522	5	2	ratio2	1.428571429
JU2522	1	2	ratio3	17.5
JU2522	2	2	ratio3	46.42857143
JU2522	3	2	ratio3	9.230769231
JU2522	4	2	ratio3	39.88764045
JU2522	5	2	ratio3	0
JU2522	1	2	ratio4	26.66666667
JU2522	2	2	ratio4	57.53424658
JU2522	3	2	ratio4	8.139534884
JU2522	4	2	ratio4	33.33333333
JU2522	5	2	ratio4	1.149425287
JU2526	1	2	ratio1	0
JU2526	2	2	ratio1	0
JU2526	3	2	ratio1	0
JU2526	4	2	ratio1	0
JU2526	5	2	ratio1	0
JU2526	1	2	ratio2	0
JU2526	2	2	ratio2	0
JU2526	3	2	ratio2	0
JU2526	4	2	ratio2	0
JU2526	5	2	ratio2	0
JU2526	1	2	ratio3	0
JU2526	2	2	ratio3	0
JU2526	3	2	ratio3	0
JU2526	4	2	ratio3	0
JU2526	5	2	ratio3	0
JU2526	1	2	ratio4	0
JU2526	2	2	ratio4	0
JU2526	3	2	ratio4	0
JU2526	4	2	ratio4	0
JU2526	5	2	ratio4	0
JU310	1	1	ratio1	0
JU310	2	1	ratio1	0
JU310	3	1	ratio1	0
JU310	4	1	ratio1	0
JU310	5	1	ratio1	0
JU310	1	1	ratio2	0
JU310	2	1	ratio2	0
JU310	3	1	ratio2	0
JU310	4	1	ratio2	0
JU310	5	1	ratio2	0
JU310	1	1	ratio3	0
JU310	2	1	ratio3	0
JU310	3	1	ratio3	0
JU310	4	1	ratio3	0
JU310	5	1	ratio3	0
JU310	1	1	ratio4	0
JU310	2	1	ratio4	0
JU310	3	1	ratio4	0
JU310	4	1	ratio4	0
JU310	5	1	ratio4	0
JU311	1	1	ratio1	0
JU311	2	1	ratio1	0
JU311	3	1	ratio1	0
JU311	4	1	ratio1	0
JU311	5	1	ratio1	0
JU311	1	1	ratio2	64
JU311	2	1	ratio2	0
JU311	3	1	ratio2	0
JU311	4	1	ratio2	2.173913043
JU311	5	1	ratio2	0
JU311	1	1	ratio3	0
JU311	2	1	ratio3	0
JU311	3	1	ratio3	0
JU311	4	1	ratio3	1.408450704
JU311	5	1	ratio3	0
JU311	1	1	ratio4	0
JU311	2	1	ratio4	0
JU311	3	1	ratio4	0
JU311	4	1	ratio4	1.694915254
JU311	5	1	ratio4	0
JU323	1	2	ratio1	0
JU323	2	2	ratio1	0
JU323	3	2	ratio1	0
JU323	4	2	ratio1	0
JU323	5	2	ratio1	0
JU323	1	2	ratio2	0
JU323	2	2	ratio2	0
JU323	3	2	ratio2	0
JU323	4	2	ratio2	0
JU323	5	2	ratio2	0
JU323	1	2	ratio3	0
JU323	2	2	ratio3	0
JU323	3	2	ratio3	0
JU323	4	2	ratio3	0
JU323	5	2	ratio3	0
JU323	1	2	ratio4	0
JU323	2	2	ratio4	0
JU323	3	2	ratio4	0
JU323	4	2	ratio4	0
JU323	5	2	ratio4	0
JU346	1	2	ratio1	0
JU346	2	2	ratio1	0
JU346	3	2	ratio1	0
JU346	4	2	ratio1	0
JU346	5	2	ratio1	0
JU346	1	2	ratio2	0
JU346	2	2	ratio2	0
JU346	3	2	ratio2	0
JU346	4	2	ratio2	0
JU346	5	2	ratio2	0
JU346	1	2	ratio3	0
JU346	2	2	ratio3	0
JU346	3	2	ratio3	0
JU346	4	2	ratio3	0
JU346	5	2	ratio3	0
JU346	1	2	ratio4	0
JU346	2	2	ratio4	0
JU346	3	2	ratio4	0
JU346	4	2	ratio4	0
JU346	5	2	ratio4	0
JU393	1	2	ratio1	0
JU393	2	2	ratio1	0
JU393	3	2	ratio1	0
JU393	4	2	ratio1	0
JU393	5	2	ratio1	0
JU393	1	2	ratio2	0
JU393	2	2	ratio2	0
JU393	3	2	ratio2	0
JU393	4	2	ratio2	0
JU393	5	2	ratio2	0
JU393	1	2	ratio3	0
JU393	2	2	ratio3	0
JU393	3	2	ratio3	0
JU393	4	2	ratio3	0
JU393	5	2	ratio3	0
JU393	1	2	ratio4	0
JU393	2	2	ratio4	0
JU393	3	2	ratio4	0
JU393	4	2	ratio4	0
JU393	5	2	ratio4	0
JU397	1	2	ratio1	0
JU397	2	2	ratio1	0.641025641
JU397	3	2	ratio1	0
JU397	4	2	ratio1	0
JU397	5	2	ratio1	0
JU397	1	2	ratio2	0
JU397	2	2	ratio2	1.587301587
JU397	3	2	ratio2	0
JU397	4	2	ratio2	0
JU397	5	2	ratio2	0
JU397	1	2	ratio3	0
JU397	2	2	ratio3	0
JU397	3	2	ratio3	0
JU397	4	2	ratio3	0
JU397	5	2	ratio3	0
JU397	1	2	ratio4	0
JU397	2	2	ratio4	0
JU397	3	2	ratio4	0
JU397	4	2	ratio4	0
JU397	5	2	ratio4	0
JU406	1	2	ratio1	0
JU406	2	2	ratio1	0
JU406	3	2	ratio1	0
JU406	4	2	ratio1	5.681818182
JU406	5	2	ratio1	0
JU406	1	2	ratio2	0
JU406	2	2	ratio2	0
JU406	3	2	ratio2	0
JU406	4	2	ratio2	12.79069767
JU406	5	2	ratio2	0
JU406	1	2	ratio3	0
JU406	2	2	ratio3	0
JU406	3	2	ratio3	0
JU406	4	2	ratio3	11.76470588
JU406	5	2	ratio3	0
JU406	1	2	ratio4	0
JU406	2	2	ratio4	0
JU406	3	2	ratio4	0
JU406	4	2	ratio4	8.771929825
JU406	5	2	ratio4	0
JU440	1	2	ratio1	1.960784314
JU440	2	2	ratio1	18.84057971
JU440	3	2	ratio1	0
JU440	4	2	ratio1	57.72357724
JU440	5	2	ratio1	0
JU440	1	2	ratio2	8.695652174
JU440	2	2	ratio2	0
JU440	3	2	ratio2	0
JU440	4	2	ratio2	45.94594595
JU440	5	2	ratio2	0
JU440	1	2	ratio3	7.894736842
JU440	2	2	ratio3	4.95049505
JU440	3	2	ratio3	0
JU440	4	2	ratio3	38.70967742
JU440	5	2	ratio3	0
JU440	1	2	ratio4	5.217391304
JU440	2	2	ratio4	5.785123967
JU440	3	2	ratio4	0
JU440	4	2	ratio4	58.06451613
JU440	5	2	ratio4	0
JU775	1	1	ratio1	2.5
JU775	2	1	ratio1	0
JU775	3	1	ratio1	0
JU775	4	1	ratio1	0
JU775	5	1	ratio1	0
JU775	1	2	ratio1	0
JU775	2	2	ratio1	0
JU775	3	2	ratio1	0
JU775	4	2	ratio1	0
JU775	5	2	ratio1	0
JU775	1	3	ratio1	3.75
JU775	2	3	ratio1	13.07692308
JU775	3	3	ratio1	13.58695652
JU775	4	3	ratio1	0
JU775	5	3	ratio1	1.075268817
JU775	1	1	ratio2	5.454545455
JU775	2	1	ratio2	0
JU775	3	1	ratio2	1.123595506
JU775	4	1	ratio2	0
JU775	5	1	ratio2	0
JU775	1	2	ratio2	0
JU775	2	2	ratio2	0
JU775	3	2	ratio2	0
JU775	4	2	ratio2	0
JU775	5	2	ratio2	0
JU775	1	3	ratio2	10
JU775	2	3	ratio2	5.617977528
JU775	3	3	ratio2	12.98076923
JU775	4	3	ratio2	0
JU775	5	3	ratio2	5.063291139
JU775	1	1	ratio3	0
JU775	2	1	ratio3	0
JU775	3	1	ratio3	1.19047619
JU775	4	1	ratio3	0
JU775	5	1	ratio3	0
JU775	1	2	ratio3	0
JU775	2	2	ratio3	0
JU775	3	2	ratio3	0
JU775	4	2	ratio3	0
JU775	5	2	ratio3	0
JU775	1	3	ratio3	4.109589041
JU775	2	3	ratio3	3.409090909
JU775	3	3	ratio3	11.875
JU775	4	3	ratio3	0
JU775	5	3	ratio3	1.948051948
JU775	1	1	ratio4	0
JU775	2	1	ratio4	0
JU775	3	1	ratio4	1.111111111
JU775	4	1	ratio4	0
JU775	5	1	ratio4	0
JU775	1	2	ratio4	0
JU775	2	2	ratio4	0
JU775	3	2	ratio4	0
JU775	4	2	ratio4	0
JU775	5	2	ratio4	0
JU775	1	3	ratio4	5.882352941
JU775	2	3	ratio4	2
JU775	3	3	ratio4	5.940594059
JU775	4	3	ratio4	0
JU775	5	3	ratio4	0
JU830	1	1	ratio1	1.041666667
JU830	2	1	ratio1	0
JU830	3	1	ratio1	0
JU830	4	1	ratio1	2.127659574
JU830	5	1	ratio1	0
JU830	1	2	ratio1	3.846153846
JU830	2	2	ratio1	3.921568627
JU830	3	2	ratio1	5.454545455
JU830	4	2	ratio1	13.04347826
JU830	5	2	ratio1	0
JU830	1	3	ratio1	28.40909091
JU830	2	3	ratio1	19.48051948
JU830	3	3	ratio1	0
JU830	4	3	ratio1	2.139037433
JU830	5	3	ratio1	0
JU830	1	1	ratio2	5.303030303
JU830	2	1	ratio2	0
JU830	3	1	ratio2	0.641025641
JU830	4	1	ratio2	1.652892562
JU830	5	1	ratio2	0
JU830	1	2	ratio2	8.088235294
JU830	2	2	ratio2	0
JU830	3	2	ratio2	20.25316456
JU830	4	2	ratio2	12.67605634
JU830	5	2	ratio2	0
JU830	1	3	ratio2	21.21212121
JU830	2	3	ratio2	6.976744186
JU830	3	3	ratio2	0
JU830	4	3	ratio2	0.531914894
JU830	5	3	ratio2	0
JU830	1	1	ratio3	10.74380165
JU830	2	1	ratio3	0
JU830	3	1	ratio3	0.934579439
JU830	4	1	ratio3	0
JU830	5	1	ratio3	0
JU830	1	2	ratio3	2.597402597
JU830	2	2	ratio3	9.77443609
JU830	3	2	ratio3	17.24137931
JU830	4	2	ratio3	11.68831169
JU830	5	2	ratio3	0
JU830	1	3	ratio3	21.42857143
JU830	2	3	ratio3	10.52631579
JU830	3	3	ratio3	0
JU830	4	3	ratio3	0.448430493
JU830	5	3	ratio3	0
JU830	1	1	ratio4	7.432432432
JU830	2	1	ratio4	0
JU830	3	1	ratio4	0
JU830	4	1	ratio4	3.50877193
JU830	5	1	ratio4	0
JU830	1	2	ratio4	1.923076923
JU830	2	2	ratio4	4.347826087
JU830	3	2	ratio4	12.78195489
JU830	4	2	ratio4	3.797468354
JU830	5	2	ratio4	0
JU830	1	3	ratio4	11.27819549
JU830	2	3	ratio4	6.060606061
JU830	3	3	ratio4	0
JU830	4	3	ratio4	1.333333333
JU830	5	3	ratio4	0
KR314	1	2	ratio1	1.877934272
KR314	2	2	ratio1	72.54901961
KR314	3	2	ratio1	2.197802198
KR314	4	2	ratio1	0
KR314	5	2	ratio1	0
KR314	1	2	ratio2	5.142857143
KR314	2	2	ratio2	81.29496403
KR314	3	2	ratio2	0
KR314	4	2	ratio2	1.470588235
KR314	5	2	ratio2	0
KR314	1	2	ratio3	1.960784314
KR314	2	2	ratio3	73.63636364
KR314	3	2	ratio3	1.709401709
KR314	4	2	ratio3	0
KR314	5	2	ratio3	0
KR314	1	2	ratio4	4.739336493
KR314	2	2	ratio4	86.23188406
KR314	3	2	ratio4	1.98019802
KR314	4	2	ratio4	0.751879699
KR314	5	2	ratio4	0
LSJ1	3	2	ratio1	0
LSJ1	4	2	ratio1	24.44444444
LSJ1	5	2	ratio1	0
LSJ1	3	2	ratio2	0
LSJ1	4	2	ratio2	21.42857143
LSJ1	5	2	ratio2	0
LSJ1	3	2	ratio3	0
LSJ1	4	2	ratio3	26.43678161
LSJ1	5	2	ratio3	0
LSJ1	3	2	ratio4	0
LSJ1	4	2	ratio4	26.59574468
LSJ1	5	2	ratio4	0
MY1	1	2	ratio1	0
MY1	2	2	ratio1	0
MY1	3	2	ratio1	0
MY1	4	2	ratio1	1.449275362
MY1	5	2	ratio1	0
MY1	1	2	ratio2	0
MY1	2	2	ratio2	0
MY1	3	2	ratio2	0
MY1	4	2	ratio2	0
MY1	5	2	ratio2	0
MY1	1	2	ratio3	0
MY1	2	2	ratio3	0
MY1	3	2	ratio3	0
MY1	4	2	ratio3	0
MY1	5	2	ratio3	0
MY1	1	2	ratio4	0
MY1	2	2	ratio4	0
MY1	3	2	ratio4	0
MY1	4	2	ratio4	0
MY1	5	2	ratio4	0
MY10	1	2	ratio1	1.587301587
MY10	2	2	ratio1	0
MY10	3	2	ratio1	0
MY10	4	2	ratio1	4.347826087
MY10	5	2	ratio1	0
MY10	1	2	ratio2	3.076923077
MY10	2	2	ratio2	0
MY10	3	2	ratio2	0
MY10	4	2	ratio2	7.142857143
MY10	5	2	ratio2	0
MY10	1	2	ratio3	1.298701299
MY10	2	2	ratio3	0
MY10	3	2	ratio3	0
MY10	4	2	ratio3	4
MY10	5	2	ratio3	0
MY10	1	2	ratio4	0
MY10	2	2	ratio4	0
MY10	3	2	ratio4	0
MY10	4	2	ratio4	6.593406593
MY10	5	2	ratio4	0
MY16	1	1	ratio1	0
MY16	2	1	ratio1	1.408450704
MY16	3	1	ratio1	0
MY16	4	1	ratio1	5.660377358
MY16	5	1	ratio1	4.494382022
MY16	1	1	ratio2	0
MY16	2	1	ratio2	6.25
MY16	3	1	ratio2	2.739726027
MY16	4	1	ratio2	4.166666667
MY16	5	1	ratio2	3.431372549
MY16	1	1	ratio3	0
MY16	2	1	ratio3	4.761904762
MY16	3	1	ratio3	1.234567901
MY16	4	1	ratio3	2.272727273
MY16	5	1	ratio3	4.697986577
MY16	1	1	ratio4	0
MY16	2	1	ratio4	4.132231405
MY16	3	1	ratio4	4.347826087
MY16	4	1	ratio4	7.692307692
MY16	5	1	ratio4	0
MY18	1	2	ratio1	0
MY18	2	2	ratio1	0
MY18	3	2	ratio1	0
MY18	4	2	ratio1	1
MY18	5	2	ratio1	0
MY18	1	2	ratio2	0
MY18	2	2	ratio2	0
MY18	3	2	ratio2	0
MY18	4	2	ratio2	1.063829787
MY18	5	2	ratio2	0
MY18	1	2	ratio3	0
MY18	2	2	ratio3	0
MY18	3	2	ratio3	0
MY18	4	2	ratio3	0
MY18	5	2	ratio3	0
MY18	1	2	ratio4	0
MY18	2	2	ratio4	0
MY18	3	2	ratio4	0
MY18	4	2	ratio4	0
MY18	5	2	ratio4	0
MY23	1	1	ratio1	0
MY23	2	1	ratio1	0
MY23	3	1	ratio1	3.703703704
MY23	4	1	ratio1	0
MY23	5	1	ratio1	0
MY23	1	2	ratio1	0
MY23	2	2	ratio1	0
MY23	3	2	ratio1	0
MY23	4	2	ratio1	0
MY23	5	2	ratio1	0
MY23	1	3	ratio1	4.166666667
MY23	2	3	ratio1	7.407407407
MY23	3	3	ratio1	0
MY23	4	3	ratio1	0
MY23	5	3	ratio1	0
MY23	1	1	ratio2	0
MY23	2	1	ratio2	0
MY23	3	1	ratio2	7.317073171
MY23	4	1	ratio2	0
MY23	5	1	ratio2	0
MY23	1	2	ratio2	0
MY23	2	2	ratio2	0
MY23	3	2	ratio2	0
MY23	4	2	ratio2	0
MY23	5	2	ratio2	0
MY23	1	3	ratio2	5.555555556
MY23	2	3	ratio2	6.870229008
MY23	3	3	ratio2	1.657458564
MY23	4	3	ratio2	0
MY23	5	3	ratio2	0
MY23	1	1	ratio3	0
MY23	2	1	ratio3	0
MY23	3	1	ratio3	10.22727273
MY23	4	1	ratio3	0
MY23	5	1	ratio3	0
MY23	1	2	ratio3	0
MY23	2	2	ratio3	0
MY23	3	2	ratio3	0
MY23	4	2	ratio3	0
MY23	5	2	ratio3	0
MY23	1	3	ratio3	0
MY23	2	3	ratio3	6.315789474
MY23	3	3	ratio3	0.769230769
MY23	4	3	ratio3	0
MY23	5	3	ratio3	0
MY23	1	1	ratio4	0
MY23	2	1	ratio4	1.234567901
MY23	3	1	ratio4	6.666666667
MY23	4	1	ratio4	0
MY23	5	1	ratio4	0
MY23	1	2	ratio4	0
MY23	2	2	ratio4	0
MY23	3	2	ratio4	0
MY23	4	2	ratio4	0
MY23	5	2	ratio4	0
MY23	1	3	ratio4	4.854368932
MY23	2	3	ratio4	3.571428571
MY23	3	3	ratio4	1.503759398
MY23	4	3	ratio4	0
MY23	5	3	ratio4	0
N2	1	3	ratio1	16.32653061
N2	2	3	ratio1	28.57142857
N2	3	3	ratio1	9.210526316
N2	4	3	ratio1	2.43902439
N2	5	3	ratio1	6.172839506
N2	1	3	ratio2	NA
N2	2	3	ratio2	31.03448276
N2	3	3	ratio2	10.75949367
N2	4	3	ratio2	3.96039604
N2	5	3	ratio2	0
N2	1	3	ratio3	NA
N2	2	3	ratio3	18.62745098
N2	3	3	ratio3	12.29508197
N2	4	3	ratio3	7.03125
N2	5	3	ratio3	0
N2	1	3	ratio4	NA
N2	2	3	ratio4	15.04424779
N2	3	3	ratio4	13.67521368
N2	4	3	ratio4	6.486486486
N2	5	3	ratio4	0.900900901
NIC1	1	2	ratio1	4.545454545
NIC1	2	2	ratio1	13.46153846
NIC1	3	2	ratio1	0
NIC1	4	2	ratio1	1.612903226
NIC1	5	2	ratio1	0
NIC1	1	2	ratio2	6.756756757
NIC1	2	2	ratio2	16.36363636
NIC1	3	2	ratio2	0
NIC1	4	2	ratio2	2.222222222
NIC1	5	2	ratio2	0
NIC1	1	2	ratio3	1.492537313
NIC1	2	2	ratio3	4.225352113
NIC1	3	2	ratio3	0
NIC1	4	2	ratio3	1.785714286
NIC1	5	2	ratio3	0
NIC1	1	2	ratio4	0
NIC1	2	2	ratio4	13.25301205
NIC1	3	2	ratio4	0
NIC1	4	2	ratio4	1.333333333
NIC1	5	2	ratio4	0
NIC166	1	2	ratio1	27.05882353
NIC166	2	2	ratio1	40.6779661
NIC166	3	2	ratio1	0
NIC166	4	2	ratio1	49.43820225
NIC166	5	2	ratio1	0
NIC166	1	2	ratio2	34.86238532
NIC166	2	2	ratio2	48.61111111
NIC166	3	2	ratio2	0
NIC166	4	2	ratio2	26.80412371
NIC166	5	2	ratio2	0
NIC166	1	2	ratio3	28.57142857
NIC166	2	2	ratio3	43.47826087
NIC166	3	2	ratio3	0
NIC166	4	2	ratio3	37.70491803
NIC166	5	2	ratio3	0
NIC166	1	2	ratio4	14.54545455
NIC166	2	2	ratio4	34.19354839
NIC166	3	2	ratio4	0
NIC166	4	2	ratio4	32.47863248
NIC166	5	2	ratio4	0
NIC199	1	2	ratio1	45.16129032
NIC199	2	2	ratio1	56.66666667
NIC199	3	2	ratio1	0
NIC199	4	2	ratio1	72.64957265
NIC199	5	2	ratio1	0
NIC199	1	2	ratio2	52.94117647
NIC199	2	2	ratio2	53.67647059
NIC199	3	2	ratio2	0
NIC199	4	2	ratio2	47.44525547
NIC199	5	2	ratio2	0
NIC199	1	2	ratio3	64.9122807
NIC199	2	2	ratio3	44.59459459
NIC199	3	2	ratio3	0
NIC199	4	2	ratio3	51
NIC199	5	2	ratio3	0
NIC199	1	2	ratio4	54.66666667
NIC199	2	2	ratio4	35.8490566
NIC199	3	2	ratio4	0
NIC199	4	2	ratio4	35.77981651
NIC199	5	2	ratio4	0
NIC2	1	2	ratio1	0
NIC2	2	2	ratio1	0
NIC2	3	2	ratio1	0
NIC2	4	2	ratio1	0
NIC2	5	2	ratio1	0
NIC2	1	2	ratio2	0
NIC2	2	2	ratio2	0
NIC2	3	2	ratio2	0
NIC2	4	2	ratio2	0
NIC2	5	2	ratio2	0
NIC2	1	2	ratio3	0
NIC2	2	2	ratio3	0
NIC2	3	2	ratio3	0
NIC2	4	2	ratio3	0.793650794
NIC2	5	2	ratio3	0
NIC2	1	2	ratio4	0
NIC2	2	2	ratio4	0
NIC2	3	2	ratio4	0
NIC2	4	2	ratio4	0
NIC2	5	2	ratio4	0
NIC207	1	2	ratio1	0
NIC207	2	2	ratio1	0
NIC207	3	2	ratio1	0
NIC207	4	2	ratio1	0.460829493
NIC207	5	2	ratio1	0
NIC207	1	2	ratio2	0
NIC207	2	2	ratio2	0
NIC207	3	2	ratio2	0
NIC207	4	2	ratio2	2.912621359
NIC207	5	2	ratio2	0
NIC207	1	2	ratio3	0
NIC207	2	2	ratio3	1.351351351
NIC207	3	2	ratio3	0
NIC207	4	2	ratio3	4.242424242
NIC207	5	2	ratio3	0
NIC207	1	2	ratio4	0
NIC207	2	2	ratio4	0.925925926
NIC207	3	2	ratio4	0
NIC207	4	2	ratio4	3.125
NIC207	5	2	ratio4	0
NIC231	1	2	ratio1	0
NIC231	2	2	ratio1	0
NIC231	3	2	ratio1	0
NIC231	4	2	ratio1	0
NIC231	5	2	ratio1	0
NIC231	1	2	ratio2	0
NIC231	2	2	ratio2	0
NIC231	3	2	ratio2	0
NIC231	4	2	ratio2	0.432900433
NIC231	5	2	ratio2	0
NIC231	1	2	ratio3	0
NIC231	2	2	ratio3	0
NIC231	3	2	ratio3	0
NIC231	4	2	ratio3	0
NIC231	5	2	ratio3	0
NIC231	1	2	ratio4	0
NIC231	2	2	ratio4	0
NIC231	3	2	ratio4	0
NIC231	4	2	ratio4	0
NIC231	5	2	ratio4	0
NIC236	1	3	ratio1	4.761904762
NIC236	2	3	ratio1	9.302325581
NIC236	3	3	ratio1	8.974358974
NIC236	4	3	ratio1	4.87804878
NIC236	5	3	ratio1	0
NIC236	1	3	ratio2	8.737864078
NIC236	2	3	ratio2	56.8627451
NIC236	3	3	ratio2	23.1884058
NIC236	4	3	ratio2	2.764976959
NIC236	5	3	ratio2	1.111111111
NIC236	1	3	ratio3	9.756097561
NIC236	2	3	ratio3	32.69230769
NIC236	3	3	ratio3	15.74074074
NIC236	4	3	ratio3	1.041666667
NIC236	5	3	ratio3	0.99009901
NIC236	1	3	ratio4	6.25
NIC236	2	3	ratio4	20.51282051
NIC236	3	3	ratio4	28.57142857
NIC236	4	3	ratio4	4.419889503
NIC236	5	3	ratio4	0.549450549
NIC242	1	3	ratio1	0
NIC242	2	3	ratio1	0
NIC242	3	3	ratio1	0
NIC242	4	3	ratio1	77.55102041
NIC242	5	3	ratio1	8.771929825
NIC242	1	3	ratio2	0
NIC242	2	3	ratio2	0
NIC242	3	3	ratio2	0
NIC242	4	3	ratio2	57.89473684
NIC242	5	3	ratio2	14.15929204
NIC242	1	3	ratio3	0
NIC242	2	3	ratio3	0
NIC242	3	3	ratio3	0
NIC242	4	3	ratio3	54.83870968
NIC242	5	3	ratio3	3.50877193
NIC242	1	3	ratio4	0
NIC242	2	3	ratio4	0
NIC242	3	3	ratio4	0
NIC242	4	3	ratio4	34.45945946
NIC242	5	3	ratio4	1.960784314
NIC251	1	3	ratio1	1.408450704
NIC251	2	3	ratio1	9.473684211
NIC251	3	3	ratio1	2.040816327
NIC251	4	3	ratio1	95.23809524
NIC251	5	3	ratio1	0
NIC251	1	3	ratio2	0
NIC251	2	3	ratio2	29.23076923
NIC251	3	3	ratio2	0
NIC251	4	3	ratio2	60.51282051
NIC251	5	3	ratio2	0
NIC251	1	3	ratio3	1.449275362
NIC251	2	3	ratio3	46.98795181
NIC251	3	3	ratio3	11.23595506
NIC251	4	3	ratio3	77.5147929
NIC251	5	3	ratio3	0
NIC251	1	3	ratio4	1.01010101
NIC251	2	3	ratio4	45.09803922
NIC251	3	3	ratio4	12.5
NIC251	4	3	ratio4	60.37735849
NIC251	5	3	ratio4	0.561797753
NIC252	1	3	ratio1	100
NIC252	2	3	ratio1	95.65217391
NIC252	3	3	ratio1	34.52380952
NIC252	4	3	ratio1	30.3030303
NIC252	5	3	ratio1	21.73913043
NIC252	1	3	ratio2	97.26027397
NIC252	2	3	ratio2	76.40449438
NIC252	3	3	ratio2	51.1627907
NIC252	4	3	ratio2	16.66666667
NIC252	5	3	ratio2	17.05426357
NIC252	1	3	ratio3	97.33333333
NIC252	2	3	ratio3	80
NIC252	3	3	ratio3	51.75438596
NIC252	4	3	ratio3	4.347826087
NIC252	5	3	ratio3	38.80597015
NIC252	1	3	ratio4	94.44444444
NIC252	2	3	ratio4	52.45901639
NIC252	3	3	ratio4	46.04316547
NIC252	4	3	ratio4	34.07821229
NIC252	5	3	ratio4	28.57142857
NIC255	1	3	ratio1	2.564102564
NIC255	2	3	ratio1	35
NIC255	3	3	ratio1	2.040816327
NIC255	4	3	ratio1	0
NIC255	5	3	ratio1	5.479452055
NIC255	1	3	ratio2	7.142857143
NIC255	2	3	ratio2	39.24050633
NIC255	3	3	ratio2	3.773584906
NIC255	4	3	ratio2	NA
NIC255	5	3	ratio2	7.01754386
NIC255	1	3	ratio3	6.25
NIC255	2	3	ratio3	60.37735849
NIC255	3	3	ratio3	9.302325581
NIC255	4	3	ratio3	NA
NIC255	5	3	ratio3	10.60606061
NIC255	1	3	ratio4	8.571428571
NIC255	2	3	ratio4	52.56410256
NIC255	3	3	ratio4	2
NIC255	4	3	ratio4	NA
NIC255	5	3	ratio4	11.76470588
NIC256	1	3	ratio1	0
NIC256	2	3	ratio1	0
NIC256	3	3	ratio1	0
NIC256	4	3	ratio1	3.658536585
NIC256	5	3	ratio1	0
NIC256	1	3	ratio2	0
NIC256	2	3	ratio2	0
NIC256	3	3	ratio2	0
NIC256	4	3	ratio2	1.149425287
NIC256	5	3	ratio2	0
NIC256	1	3	ratio3	0
NIC256	2	3	ratio3	0
NIC256	3	3	ratio3	0
NIC256	4	3	ratio3	1.052631579
NIC256	5	3	ratio3	0
NIC256	1	3	ratio4	0
NIC256	2	3	ratio4	0
NIC256	3	3	ratio4	0
NIC256	4	3	ratio4	0
NIC256	5	3	ratio4	0
NIC258	1	3	ratio1	10.20408163
NIC258	2	3	ratio1	6.422018349
NIC258	3	3	ratio1	29.16666667
NIC258	4	3	ratio1	4.62962963
NIC258	5	3	ratio1	0
NIC258	1	3	ratio2	20
NIC258	2	3	ratio2	22.44897959
NIC258	3	3	ratio2	12.5
NIC258	4	3	ratio2	4.109589041
NIC258	5	3	ratio2	1.304347826
NIC258	1	3	ratio3	12.5
NIC258	2	3	ratio3	16.66666667
NIC258	3	3	ratio3	13.27433628
NIC258	4	3	ratio3	6.097560976
NIC258	5	3	ratio3	0
NIC258	1	3	ratio4	7.352941176
NIC258	2	3	ratio4	21.42857143
NIC258	3	3	ratio4	9.183673469
NIC258	4	3	ratio4	6.611570248
NIC258	5	3	ratio4	0
NIC259	1	3	ratio1	5.555555556
NIC259	2	3	ratio1	0
NIC259	3	3	ratio1	0
NIC259	4	3	ratio1	11.66666667
NIC259	5	3	ratio1	0
NIC259	1	3	ratio2	3.333333333
NIC259	2	3	ratio2	0
NIC259	3	3	ratio2	0
NIC259	4	3	ratio2	15.2173913
NIC259	5	3	ratio2	0
NIC259	1	3	ratio3	14.63414634
NIC259	2	3	ratio3	0
NIC259	3	3	ratio3	0
NIC259	4	3	ratio3	17.72151899
NIC259	5	3	ratio3	5.882352941
NIC259	1	3	ratio4	11.11111111
NIC259	2	3	ratio4	0
NIC259	3	3	ratio4	0
NIC259	4	3	ratio4	4.705882353
NIC259	5	3	ratio4	0
NIC260	1	3	ratio1	57.31707317
NIC260	2	3	ratio1	1.19047619
NIC260	3	3	ratio1	47.31182796
NIC260	4	3	ratio1	52.5862069
NIC260	5	3	ratio1	3.875968992
NIC260	1	3	ratio2	52.25225225
NIC260	2	3	ratio2	2.666666667
NIC260	3	3	ratio2	71.2962963
NIC260	4	3	ratio2	50
NIC260	5	3	ratio2	5.238095238
NIC260	1	3	ratio3	66.26506024
NIC260	2	3	ratio3	4.109589041
NIC260	3	3	ratio3	69.6969697
NIC260	4	3	ratio3	54.7008547
NIC260	5	3	ratio3	7.8125
NIC260	1	3	ratio4	75.2688172
NIC260	2	3	ratio4	9.243697479
NIC260	3	3	ratio4	64.18918919
NIC260	4	3	ratio4	40.84507042
NIC260	5	3	ratio4	12.94964029
NIC261	1	3	ratio1	0
NIC261	2	3	ratio1	0
NIC261	3	3	ratio1	0
NIC261	4	3	ratio1	4.464285714
NIC261	5	3	ratio1	9.322033898
NIC261	1	3	ratio2	1.538461538
NIC261	2	3	ratio2	0
NIC261	3	3	ratio2	0
NIC261	4	3	ratio2	4.819277108
NIC261	5	3	ratio2	13.13131313
NIC261	1	3	ratio3	0
NIC261	2	3	ratio3	0
NIC261	3	3	ratio3	0
NIC261	4	3	ratio3	9.375
NIC261	5	3	ratio3	4.545454545
NIC261	1	3	ratio4	1
NIC261	2	3	ratio4	0
NIC261	3	3	ratio4	0
NIC261	4	3	ratio4	4.109589041
NIC261	5	3	ratio4	0
NIC262	1	3	ratio1	0
NIC262	2	3	ratio1	1.183431953
NIC262	3	3	ratio1	40
NIC262	4	3	ratio1	0
NIC262	5	3	ratio1	0
NIC262	1	3	ratio2	1.324503311
NIC262	2	3	ratio2	1.986754967
NIC262	3	3	ratio2	33.33333333
NIC262	4	3	ratio2	5.737704918
NIC262	5	3	ratio2	0
NIC262	1	3	ratio3	5.263157895
NIC262	2	3	ratio3	3.333333333
NIC262	3	3	ratio3	25.75757576
NIC262	4	3	ratio3	2.732240437
NIC262	5	3	ratio3	0
NIC262	1	3	ratio4	2.469135802
NIC262	2	3	ratio4	1.086956522
NIC262	3	3	ratio4	42.68292683
NIC262	4	3	ratio4	2.173913043
NIC262	5	3	ratio4	0
NIC265	1	3	ratio1	30.6122449
NIC265	2	3	ratio1	56.66666667
NIC265	3	3	ratio1	72.72727273
NIC265	4	3	ratio1	4.854368932
NIC265	5	3	ratio1	1.418439716
NIC265	1	3	ratio2	33.33333333
NIC265	2	3	ratio2	33.89830508
NIC265	3	3	ratio2	62.13592233
NIC265	4	3	ratio2	4.635761589
NIC265	5	3	ratio2	0.862068966
NIC265	1	3	ratio3	41
NIC265	2	3	ratio3	27.11864407
NIC265	3	3	ratio3	74.48979592
NIC265	4	3	ratio3	4.761904762
NIC265	5	3	ratio3	0
NIC265	1	3	ratio4	34.25925926
NIC265	2	3	ratio4	17.34693878
NIC265	3	3	ratio4	80.58252427
NIC265	4	3	ratio4	3.947368421
NIC265	5	3	ratio4	0
NIC266	1	3	ratio1	4.046242775
NIC266	2	3	ratio1	0
NIC266	3	3	ratio1	2.259887006
NIC266	4	3	ratio1	1.666666667
NIC266	5	3	ratio1	6.25
NIC266	1	3	ratio2	5.555555556
NIC266	2	3	ratio2	0
NIC266	3	3	ratio2	5.769230769
NIC266	4	3	ratio2	8.510638298
NIC266	5	3	ratio2	11.02941176
NIC266	1	3	ratio3	6.451612903
NIC266	2	3	ratio3	0
NIC266	3	3	ratio3	6.25
NIC266	4	3	ratio3	8.771929825
NIC266	5	3	ratio3	18.95424837
NIC266	1	3	ratio4	2.857142857
NIC266	2	3	ratio4	0
NIC266	3	3	ratio4	8.955223881
NIC266	4	3	ratio4	8.426966292
NIC266	5	3	ratio4	26.02739726
NIC267	1	3	ratio1	74.02597403
NIC267	2	3	ratio1	12.90322581
NIC267	3	3	ratio1	86
NIC267	4	3	ratio1	4.444444444
NIC267	5	3	ratio1	0
NIC267	1	3	ratio2	76.92307692
NIC267	2	3	ratio2	22.48062016
NIC267	3	3	ratio2	84.61538462
NIC267	4	3	ratio2	3.773584906
NIC267	5	3	ratio2	0
NIC267	1	3	ratio3	43.63636364
NIC267	2	3	ratio3	23.33333333
NIC267	3	3	ratio3	77.89473684
NIC267	4	3	ratio3	5.759162304
NIC267	5	3	ratio3	0
NIC267	1	3	ratio4	64.28571429
NIC267	2	3	ratio4	6.194690265
NIC267	3	3	ratio4	92.30769231
NIC267	4	3	ratio4	1.538461538
NIC267	5	3	ratio4	0
NIC268	1	3	ratio1	17.0212766
NIC268	2	3	ratio1	50
NIC268	3	3	ratio1	36.58536585
NIC268	4	3	ratio1	16.04938272
NIC268	5	3	ratio1	9.345794393
NIC268	1	3	ratio2	12.94117647
NIC268	2	3	ratio2	66.66666667
NIC268	3	3	ratio2	58.02469136
NIC268	4	3	ratio2	23.28767123
NIC268	5	3	ratio2	17.31843575
NIC268	1	3	ratio3	26.82926829
NIC268	2	3	ratio3	58.73015873
NIC268	3	3	ratio3	47.19101124
NIC268	4	3	ratio3	16.34615385
NIC268	5	3	ratio3	15.02590674
NIC268	1	3	ratio4	60.71428571
NIC268	2	3	ratio4	45.45454545
NIC268	3	3	ratio4	40.38461538
NIC268	4	3	ratio4	15.30612245
NIC268	5	3	ratio4	11.9760479
NIC269	1	3	ratio1	0
NIC269	2	3	ratio1	11.9047619
NIC269	3	3	ratio1	0
NIC269	4	3	ratio1	68.75
NIC269	5	3	ratio1	7.831325301
NIC269	1	3	ratio2	0
NIC269	2	3	ratio2	22
NIC269	3	3	ratio2	0
NIC269	4	3	ratio2	96.875
NIC269	5	3	ratio2	11.71875
NIC269	1	3	ratio3	0
NIC269	2	3	ratio3	5.617977528
NIC269	3	3	ratio3	0
NIC269	4	3	ratio3	52.94117647
NIC269	5	3	ratio3	13.79310345
NIC269	1	3	ratio4	0
NIC269	2	3	ratio4	3.883495146
NIC269	3	3	ratio4	0
NIC269	4	3	ratio4	80.64516129
NIC269	5	3	ratio4	10.6741573
NIC271	1	3	ratio1	0
NIC271	2	3	ratio1	14.95327103
NIC271	3	3	ratio1	18.18181818
NIC271	4	3	ratio1	75.86206897
NIC271	5	3	ratio1	3.93258427
NIC271	1	3	ratio2	0
NIC271	2	3	ratio2	29.62962963
NIC271	3	3	ratio2	39.24050633
NIC271	4	3	ratio2	95.23809524
NIC271	5	3	ratio2	5.263157895
NIC271	1	3	ratio3	0
NIC271	2	3	ratio3	25.92592593
NIC271	3	3	ratio3	36.36363636
NIC271	4	3	ratio3	76.34408602
NIC271	5	3	ratio3	8.510638298
NIC271	1	3	ratio4	0
NIC271	2	3	ratio4	13.1147541
NIC271	3	3	ratio4	41.44144144
NIC271	4	3	ratio4	76.97368421
NIC271	5	3	ratio4	7.865168539
NIC272	1	3	ratio1	2.479338843
NIC272	2	3	ratio1	44.44444444
NIC272	3	3	ratio1	16.66666667
NIC272	4	3	ratio1	14.60674157
NIC272	5	3	ratio1	6.818181818
NIC272	1	3	ratio2	8.275862069
NIC272	2	3	ratio2	46.15384615
NIC272	3	3	ratio2	21.21212121
NIC272	4	3	ratio2	6
NIC272	5	3	ratio2	6.989247312
NIC272	1	3	ratio3	0
NIC272	2	3	ratio3	27.27272727
NIC272	3	3	ratio3	11.76470588
NIC272	4	3	ratio3	6.201550388
NIC272	5	3	ratio3	4.568527919
NIC272	1	3	ratio4	8.426966292
NIC272	2	3	ratio4	18.36734694
NIC272	3	3	ratio4	10
NIC272	4	3	ratio4	9.90990991
NIC272	5	3	ratio4	5
NIC274	1	3	ratio1	79.08496732
NIC274	2	3	ratio1	60
NIC274	3	3	ratio1	54.6875
NIC274	4	3	ratio1	8.771929825
NIC274	5	3	ratio1	25.75757576
NIC274	1	3	ratio2	96.15384615
NIC274	2	3	ratio2	51.61290323
NIC274	3	3	ratio2	66.92307692
NIC274	4	3	ratio2	7.462686567
NIC274	5	3	ratio2	18.54304636
NIC274	1	3	ratio3	82.0754717
NIC274	2	3	ratio3	60.41666667
NIC274	3	3	ratio3	64.47368421
NIC274	4	3	ratio3	5.555555556
NIC274	5	3	ratio3	13.29113924
NIC274	1	3	ratio4	93
NIC274	2	3	ratio4	53.19148936
NIC274	3	3	ratio4	76.40449438
NIC274	4	3	ratio4	3.086419753
NIC274	5	3	ratio4	31.7535545
NIC275	1	3	ratio1	0
NIC275	2	3	ratio1	4.166666667
NIC275	3	3	ratio1	0
NIC275	4	3	ratio1	6.451612903
NIC275	5	3	ratio1	0
NIC275	1	3	ratio2	0
NIC275	2	3	ratio2	0
NIC275	3	3	ratio2	0
NIC275	4	3	ratio2	0
NIC275	5	3	ratio2	0
NIC275	1	3	ratio3	0
NIC275	2	3	ratio3	3.191489362
NIC275	3	3	ratio3	0
NIC275	4	3	ratio3	NA
NIC275	5	3	ratio3	0
NIC275	1	3	ratio4	0
NIC275	2	3	ratio4	2.597402597
NIC275	3	3	ratio4	0
NIC275	4	3	ratio4	NA
NIC275	5	3	ratio4	0
NIC276	1	3	ratio1	86.48648649
NIC276	2	3	ratio1	81.39534884
NIC276	3	3	ratio1	51.92307692
NIC276	4	3	ratio1	10.86956522
NIC276	5	3	ratio1	1.5625
NIC276	1	3	ratio2	92.78350515
NIC276	2	3	ratio2	78
NIC276	3	3	ratio2	59.81308411
NIC276	4	3	ratio2	9.90990991
NIC276	5	3	ratio2	0
NIC276	1	3	ratio3	91.26213592
NIC276	2	3	ratio3	98.7804878
NIC276	3	3	ratio3	68.51851852
NIC276	4	3	ratio3	13.69047619
NIC276	5	3	ratio3	1.136363636
NIC276	1	3	ratio4	88.99082569
NIC276	2	3	ratio4	73.40425532
NIC276	3	3	ratio4	58.42696629
NIC276	4	3	ratio4	10
NIC276	5	3	ratio4	0
NIC277	1	3	ratio1	90.16393443
NIC277	2	3	ratio1	64.0776699
NIC277	3	3	ratio1	0
NIC277	4	3	ratio1	23.80952381
NIC277	5	3	ratio1	0
NIC277	1	3	ratio2	86.66666667
NIC277	2	3	ratio2	54.09836066
NIC277	3	3	ratio2	0
NIC277	4	3	ratio2	26.53061224
NIC277	5	3	ratio2	0
NIC277	1	3	ratio3	90.90909091
NIC277	2	3	ratio3	59.375
NIC277	3	3	ratio3	0
NIC277	4	3	ratio3	22.79411765
NIC277	5	3	ratio3	0
NIC277	1	3	ratio4	89.43089431
NIC277	2	3	ratio4	37.31343284
NIC277	3	3	ratio4	0
NIC277	4	3	ratio4	21.57894737
NIC277	5	3	ratio4	0
PB303	1	3	ratio1	70.33898305
PB303	2	3	ratio1	40.625
PB303	3	3	ratio1	66.52360515
PB303	4	3	ratio1	3.658536585
PB303	5	3	ratio1	4.918032787
PB303	1	3	ratio2	79.8245614
PB303	2	3	ratio2	56.97674419
PB303	3	3	ratio2	81.30841121
PB303	4	3	ratio2	4.511278195
PB303	5	3	ratio2	22.22222222
PB303	1	3	ratio3	100
PB303	2	3	ratio3	50
PB303	3	3	ratio3	82.0754717
PB303	4	3	ratio3	5.34351145
PB303	5	3	ratio3	13.79310345
PB303	1	3	ratio4	94.62365591
PB303	2	3	ratio4	38.18181818
PB303	3	3	ratio4	81.55339806
PB303	4	3	ratio4	7.926829268
PB303	5	3	ratio4	21.48148148
PB306	1	3	ratio1	1.515151515
PB306	2	3	ratio1	99.04761905
PB306	3	3	ratio1	24.17582418
PB306	4	3	ratio1	16.04938272
PB306	5	3	ratio1	0
PB306	1	3	ratio2	4.487179487
PB306	2	3	ratio2	93.84615385
PB306	3	3	ratio2	23.01587302
PB306	4	3	ratio2	11.23595506
PB306	5	3	ratio2	0
PB306	1	3	ratio3	1.176470588
PB306	2	3	ratio3	89.79591837
PB306	3	3	ratio3	19.81132075
PB306	4	3	ratio3	19.29824561
PB306	5	3	ratio3	0
PB306	1	3	ratio4	2.919708029
PB306	2	3	ratio4	82.25806452
PB306	3	3	ratio4	20.94594595
PB306	4	3	ratio4	9.90990991
PB306	5	3	ratio4	0
PS2025	1	3	ratio1	54.41176471
PS2025	2	3	ratio1	25.43859649
PS2025	3	3	ratio1	27.27272727
PS2025	4	3	ratio1	0
PS2025	5	3	ratio1	5.172413793
PS2025	1	3	ratio2	52.87356322
PS2025	2	3	ratio2	20.65217391
PS2025	3	3	ratio2	30.09708738
PS2025	4	3	ratio2	0
PS2025	5	3	ratio2	16.31205674
PS2025	1	3	ratio3	42.46575342
PS2025	2	3	ratio3	25.49019608
PS2025	3	3	ratio3	43.02325581
PS2025	4	3	ratio3	1.639344262
PS2025	5	3	ratio3	17.00680272
PS2025	1	3	ratio4	94.59459459
PS2025	2	3	ratio4	30.88235294
PS2025	3	3	ratio4	49.47368421
PS2025	4	3	ratio4	0
PS2025	5	3	ratio4	14.01273885
PX179	1	3	ratio1	2.173913043
PX179	2	3	ratio1	4.081632653
PX179	3	3	ratio1	0
PX179	4	3	ratio1	0
PX179	5	3	ratio1	0
PX179	1	3	ratio2	0
PX179	2	3	ratio2	10.52631579
PX179	3	3	ratio2	0
PX179	4	3	ratio2	NA
PX179	5	3	ratio2	1.754385965
PX179	1	3	ratio3	0
PX179	2	3	ratio3	1.470588235
PX179	3	3	ratio3	0
PX179	4	3	ratio3	NA
PX179	5	3	ratio3	1.764705882
PX179	1	3	ratio4	0
PX179	2	3	ratio4	NA
PX179	3	3	ratio4	0
PX179	4	3	ratio4	NA
PX179	5	3	ratio4	0
QG2075	1	3	ratio1	7.228915663
QG2075	2	3	ratio1	0
QG2075	3	3	ratio1	41.66666667
QG2075	4	3	ratio1	11.29032258
QG2075	5	3	ratio1	0
QG2075	1	3	ratio2	3.614457831
QG2075	2	3	ratio2	0
QG2075	3	3	ratio2	50.61728395
QG2075	4	3	ratio2	15.18987342
QG2075	5	3	ratio2	1.282051282
QG2075	1	3	ratio3	2.564102564
QG2075	2	3	ratio3	0
QG2075	3	3	ratio3	57.8313253
QG2075	4	3	ratio3	16.03053435
QG2075	5	3	ratio3	0
QG2075	1	3	ratio4	6.493506494
QG2075	2	3	ratio4	0
QG2075	3	3	ratio4	38.88888889
QG2075	4	3	ratio4	16.47727273
QG2075	5	3	ratio4	0
QG536	1	3	ratio1	0
QG536	2	3	ratio1	0
QG536	3	3	ratio1	0
QG536	4	3	ratio1	67.77777778
QG536	5	3	ratio1	2.5
QG536	1	3	ratio2	0
QG536	2	3	ratio2	0
QG536	3	3	ratio2	0
QG536	4	3	ratio2	69.44444444
QG536	5	3	ratio2	2.43902439
QG536	1	3	ratio3	0
QG536	2	3	ratio3	0
QG536	3	3	ratio3	0
QG536	4	3	ratio3	31.61290323
QG536	5	3	ratio3	3.149606299
QG536	1	3	ratio4	0
QG536	2	3	ratio4	1.769911504
QG536	3	3	ratio4	0
QG536	4	3	ratio4	30.09708738
QG536	5	3	ratio4	0.995024876
QG556	1	3	ratio1	46.03174603
QG556	2	3	ratio1	45.16129032
QG556	3	3	ratio1	56.04395604
QG556	4	3	ratio1	2.127659574
QG556	5	3	ratio1	21.42857143
QG556	1	3	ratio2	64.70588235
QG556	2	3	ratio2	41.17647059
QG556	3	3	ratio2	48.91304348
QG556	4	3	ratio2	0
QG556	5	3	ratio2	18.86792453
QG556	1	3	ratio3	46.80851064
QG556	2	3	ratio3	48.48484848
QG556	3	3	ratio3	77.27272727
QG556	4	3	ratio3	4.568527919
QG556	5	3	ratio3	40.54054054
QG556	1	3	ratio4	63.41463415
QG556	2	3	ratio4	53.16455696
QG556	3	3	ratio4	77.98165138
QG556	4	3	ratio4	5.405405405
QG556	5	3	ratio4	38.83495146
QG557	1	3	ratio1	3.571428571
QG557	2	3	ratio1	0
QG557	3	3	ratio1	1.25
QG557	4	3	ratio1	4.347826087
QG557	5	3	ratio1	0
QG557	1	3	ratio2	10.76923077
QG557	2	3	ratio2	6.024096386
QG557	3	3	ratio2	0.787401575
QG557	4	3	ratio2	2.5
QG557	5	3	ratio2	0
QG557	1	3	ratio3	20.3125
QG557	2	3	ratio3	8.235294118
QG557	3	3	ratio3	1.030927835
QG557	4	3	ratio3	8.695652174
QG557	5	3	ratio3	0
QG557	1	3	ratio4	3.03030303
QG557	2	3	ratio4	0
QG557	3	3	ratio4	1.851851852
QG557	4	3	ratio4	3.225806452
QG557	5	3	ratio4	0
QW947	1	3	ratio1	84.61538462
QW947	2	3	ratio1	0
QW947	3	3	ratio1	63.49206349
QW947	4	3	ratio1	0
QW947	5	3	ratio1	12.79069767
QW947	1	3	ratio2	70.12987013
QW947	2	3	ratio2	0
QW947	3	3	ratio2	53.40909091
QW947	4	3	ratio2	0
QW947	5	3	ratio2	11.70212766
QW947	1	3	ratio3	45.94594595
QW947	2	3	ratio3	0
QW947	3	3	ratio3	36.36363636
QW947	4	3	ratio3	0
QW947	5	3	ratio3	4.8
QW947	1	3	ratio4	39.50617284
QW947	2	3	ratio4	0
QW947	3	3	ratio4	40.42553191
QW947	4	3	ratio4	0
QW947	5	3	ratio4	3.96039604
QX1211	1	3	ratio1	0
QX1211	2	3	ratio1	2
QX1211	3	3	ratio1	0
QX1211	4	3	ratio1	4.132231405
QX1211	5	3	ratio1	0
QX1211	1	3	ratio2	0
QX1211	2	3	ratio2	2.564102564
QX1211	3	3	ratio2	6.666666667
QX1211	4	3	ratio2	3.649635036
QX1211	5	3	ratio2	1.025641026
QX1211	1	3	ratio3	0
QX1211	2	3	ratio3	3.225806452
QX1211	3	3	ratio3	4.838709677
QX1211	4	3	ratio3	2.870813397
QX1211	5	3	ratio3	0
QX1211	1	3	ratio4	0
QX1211	2	3	ratio4	9.448818898
QX1211	3	3	ratio4	6.493506494
QX1211	4	3	ratio4	5
QX1211	5	3	ratio4	0
QX1212	1	3	ratio1	0
QX1212	2	3	ratio1	63.33333333
QX1212	3	3	ratio1	57.69230769
QX1212	4	3	ratio1	63.63636364
QX1212	5	3	ratio1	4.838709677
QX1212	1	3	ratio2	0
QX1212	2	3	ratio2	62.19512195
QX1212	3	3	ratio2	29.56521739
QX1212	4	3	ratio2	65.87301587
QX1212	5	3	ratio2	4.347826087
QX1212	1	3	ratio3	0
QX1212	2	3	ratio3	42.85714286
QX1212	3	3	ratio3	40.74074074
QX1212	4	3	ratio3	60.98654709
QX1212	5	3	ratio3	8.372093023
QX1212	1	3	ratio4	0
QX1212	2	3	ratio4	51.2605042
QX1212	3	3	ratio4	34.04255319
QX1212	4	3	ratio4	55.39568345
QX1212	5	3	ratio4	1.834862385
QX1233	1	3	ratio1	60.60606061
QX1233	2	3	ratio1	50.64935065
QX1233	3	3	ratio1	20.83333333
QX1233	4	3	ratio1	22.72727273
QX1233	5	3	ratio1	0
QX1233	1	3	ratio2	98.41269841
QX1233	2	3	ratio2	60.66666667
QX1233	3	3	ratio2	20.75471698
QX1233	4	3	ratio2	15.45454545
QX1233	5	3	ratio2	0
QX1233	1	3	ratio3	62.06896552
QX1233	2	3	ratio3	66.19047619
QX1233	3	3	ratio3	27.83505155
QX1233	4	3	ratio3	18.06451613
QX1233	5	3	ratio3	0
QX1233	1	3	ratio4	50.60240964
QX1233	2	3	ratio4	55.88235294
QX1233	3	3	ratio4	30.90909091
QX1233	4	3	ratio4	15.07936508
QX1233	5	3	ratio4	0
QX1791	1	3	ratio1	0
QX1791	2	3	ratio1	0
QX1791	3	3	ratio1	5.434782609
QX1791	4	3	ratio1	11.30434783
QX1791	5	3	ratio1	1.639344262
QX1791	1	3	ratio2	0
QX1791	2	3	ratio2	0
QX1791	3	3	ratio2	9.649122807
QX1791	4	3	ratio2	7.006369427
QX1791	5	3	ratio2	6.153846154
QX1791	1	3	ratio3	0
QX1791	2	3	ratio3	0
QX1791	3	3	ratio3	15.12605042
QX1791	4	3	ratio3	6.944444444
QX1791	5	3	ratio3	6.741573034
QX1791	1	3	ratio4	0
QX1791	2	3	ratio4	0
QX1791	3	3	ratio4	4.87804878
QX1791	4	3	ratio4	5.454545455
QX1791	5	3	ratio4	3.488372093
QX1792	1	3	ratio1	0
QX1792	2	3	ratio1	2.678571429
QX1792	3	3	ratio1	0
QX1792	4	3	ratio1	68.75
QX1792	5	3	ratio1	0
QX1792	1	3	ratio2	0
QX1792	2	3	ratio2	9.708737864
QX1792	3	3	ratio2	0
QX1792	4	3	ratio2	80.17241379
QX1792	5	3	ratio2	0
QX1792	1	3	ratio3	0
QX1792	2	3	ratio3	7.092198582
QX1792	3	3	ratio3	0
QX1792	4	3	ratio3	73.7704918
QX1792	5	3	ratio3	0
QX1792	1	3	ratio4	0
QX1792	2	3	ratio4	6.060606061
QX1792	3	3	ratio4	0
QX1792	4	3	ratio4	74.44444444
QX1792	5	3	ratio4	0
QX1793	1	3	ratio1	83.44827586
QX1793	2	3	ratio1	4.545454545
QX1793	3	3	ratio1	7.936507937
QX1793	4	3	ratio1	86.59793814
QX1793	5	3	ratio1	50.53763441
QX1793	1	3	ratio2	62.02531646
QX1793	2	3	ratio2	1.550387597
QX1793	3	3	ratio2	3.125
QX1793	4	3	ratio2	93.22033898
QX1793	5	3	ratio2	53.98230088
QX1793	1	3	ratio3	85.43046358
QX1793	2	3	ratio3	2.158273381
QX1793	3	3	ratio3	8.411214953
QX1793	4	3	ratio3	73.22834646
QX1793	5	3	ratio3	71.90082645
QX1793	1	3	ratio4	70
QX1793	2	3	ratio4	0
QX1793	3	3	ratio4	1.111111111
QX1793	4	3	ratio4	83.83233533
QX1793	5	3	ratio4	54.83870968
QX1794	1	3	ratio1	2.564102564
QX1794	2	3	ratio1	2.197802198
QX1794	3	3	ratio1	0
QX1794	4	3	ratio1	5.555555556
QX1794	5	3	ratio1	0
QX1794	1	3	ratio2	0
QX1794	2	3	ratio2	7.766990291
QX1794	3	3	ratio2	0
QX1794	4	3	ratio2	4.109589041
QX1794	5	3	ratio2	0
QX1794	1	3	ratio3	5.747126437
QX1794	2	3	ratio3	10.60606061
QX1794	3	3	ratio3	0
QX1794	4	3	ratio3	13.40206186
QX1794	5	3	ratio3	0
QX1794	1	3	ratio4	0
QX1794	2	3	ratio4	10.3030303
QX1794	3	3	ratio4	0
QX1794	4	3	ratio4	5.847953216
QX1794	5	3	ratio4	0
RC301	1	3	ratio1	96.92307692
RC301	2	3	ratio1	86.8852459
RC301	3	3	ratio1	33.78378378
RC301	4	3	ratio1	6.12244898
RC301	5	3	ratio1	0
RC301	1	3	ratio2	82.35294118
RC301	2	3	ratio2	92.72727273
RC301	3	3	ratio2	19.08396947
RC301	4	3	ratio2	2.608695652
RC301	5	3	ratio2	2.083333333
RC301	1	3	ratio3	61.53846154
RC301	2	3	ratio3	60.97560976
RC301	3	3	ratio3	34.59119497
RC301	4	3	ratio3	0
RC301	5	3	ratio3	0.505050505
RC301	1	3	ratio4	62.5
RC301	2	3	ratio4	59.61538462
RC301	3	3	ratio4	20
RC301	4	3	ratio4	3.225806452
RC301	5	3	ratio4	0
WN2001	1	3	ratio1	32.60869565
WN2001	2	3	ratio1	66.21621622
WN2001	3	3	ratio1	67.1641791
WN2001	4	3	ratio1	36.48648649
WN2001	5	3	ratio1	51.61290323
WN2001	1	3	ratio2	54.16666667
WN2001	2	3	ratio2	64
WN2001	3	3	ratio2	48.03921569
WN2001	4	3	ratio2	26.37362637
WN2001	5	3	ratio2	75.93984962
WN2001	1	3	ratio3	45.3125
WN2001	2	3	ratio3	40.38461538
WN2001	3	3	ratio3	69.18238994
WN2001	4	3	ratio3	20.45454545
WN2001	5	3	ratio3	76.2962963
WN2001	1	3	ratio4	40.32258065
WN2001	2	3	ratio4	52.87356322
WN2001	3	3	ratio4	31.52173913
WN2001	4	3	ratio4	NA
WN2001	5	3	ratio4	68.37606838
WN2002	1	3	ratio1	52.5
WN2002	2	3	ratio1	8.484848485
WN2002	3	3	ratio1	74.46808511
WN2002	4	3	ratio1	11.70212766
WN2002	5	3	ratio1	0
WN2002	1	3	ratio2	66.66666667
WN2002	2	3	ratio2	30.3030303
WN2002	3	3	ratio2	81.06060606
WN2002	4	3	ratio2	13.17829457
WN2002	5	3	ratio2	0
WN2002	1	3	ratio3	77.35849057
WN2002	2	3	ratio3	27.55102041
WN2002	3	3	ratio3	88.43930636
WN2002	4	3	ratio3	11.44578313
WN2002	5	3	ratio3	0
WN2002	1	3	ratio4	28.57142857
WN2002	2	3	ratio4	37.73584906
WN2002	3	3	ratio4	69.51219512
WN2002	4	3	ratio4	8.510638298
WN2002	5	3	ratio4	0
