glct-3	T15D6.7	100.000	304	0	0	1	304	1	304	0.0	628
glct-3	E03H4.12	73.092	249	66	1	55	303	32	279	1.24e-135	390
glct-3	CTROP.Csp11.Scaffold629.g15710.t1	64.945	271	81	2	47	303	11	281	1.54e-130	375
glct-3	CTROP.Csp11.Scaffold629.g15710.t2	62.587	286	90	3	35	303	1	286	1.64e-130	375
glct-3	T09E11.1	72.065	247	67	1	57	303	38	282	2.78e-130	375
glct-3	CBG08282	64.211	285	83	2	38	303	21	305	3.56e-129	373
glct-3	CAFRA.g19332.t1	65.683	271	79	2	47	303	53	323	6.01e-129	373
glct-3	CSINI.Csp5_scaffold_00329.g9527.t1	64.576	271	82	2	47	303	36	306	2.22e-128	371
glct-3	CSP40.g14082.t1	63.287	286	88	4	35	303	105	390	2.54e-128	374
glct-3	CBN07099	66.926	257	76	1	56	303	47	303	1.27e-127	369
glct-3	CSP32.g786.t1	61.888	286	92	3	35	303	38	323	2.52e-127	369
glct-3	CBN25400	66.537	257	77	1	56	303	47	303	4.41e-127	367
glct-3	CSP26.g3242.t2	62.587	286	90	3	35	303	56	341	1.44e-126	367
glct-3	CSP26.g3242.t1	62.587	286	90	3	35	303	122	407	6.50e-126	368
glct-3	CDOUG.g22659.t1	66.148	257	78	1	56	303	120	376	1.25e-125	367
glct-3	CDOUG.g22659.t2	66.148	257	78	1	56	303	89	345	2.08e-125	365
glct-3	CLATE.FL83_20457-RA	65.019	263	81	2	52	303	81	343	4.26e-125	364
glct-3	W07G9.2a	65.759	257	79	1	56	303	47	303	6.03e-125	362
glct-3	CSP29.g3430.t1	60.554	289	94	3	35	303	70	358	1.01e-124	363
glct-3	W07G9.2c	65.759	257	79	1	56	303	78	334	1.42e-124	362
glct-3	CJA03534	61.268	284	95	3	35	303	65	348	2.20e-124	362
glct-3	W07G9.2b	65.759	257	79	1	56	303	102	358	2.83e-124	362
glct-3	C54C8.5	64.615	260	88	2	46	303	46	303	1.71e-123	358
glct-3	CNOUR.g5870.t1	59.862	289	96	3	35	303	70	358	2.71e-123	360
glct-3	CSP28.g12610.t1	59.516	289	97	3	35	303	55	343	3.59e-123	359
glct-3	CSP39.g27853.t2	59.722	288	97	3	35	303	56	343	6.91e-123	358
glct-3	CSP39.g27853.t1	59.722	288	97	3	35	303	68	355	1.33e-122	358
glct-3	CSP26.g20541.t1	65.737	251	79	2	60	303	59	309	8.46e-121	352
glct-3	CREMA.FL82_03169-RA	68.936	235	73	0	52	286	88	322	3.14e-120	358
glct-3	CREMA.FL82_03169-RA	48.638	257	76	3	56	303	337	546	3.46e-72	235
glct-3	CSP40.g14083.t1	60.674	267	98	3	38	303	28	288	3.13e-117	342
glct-3	C47F8.4	64.259	263	91	2	43	303	39	300	2.41e-116	340
glct-3	CSP40.g14084.t1	64.173	254	88	2	52	303	51	303	2.52e-116	340
glct-3	CSP28.g12609.t1	59.160	262	100	1	49	303	87	348	1.85e-115	340
glct-3	CSINI.Csp5_scaffold_00329.g9530.t1	63.241	253	85	2	59	303	66	318	2.63e-114	335
glct-3	CNOUR.g5871.t1	57.353	272	107	3	41	303	9	280	3.44e-114	334
glct-3	CSP31.g5387.t1	63.922	255	81	3	59	303	101	354	7.18e-114	336
glct-3	CSINI.Csp5_scaffold_00329.g9529.t1	59.925	267	101	2	38	303	28	289	1.11e-113	333
glct-3	CSP39.g27852.t1	60.755	265	95	2	41	303	57	314	2.20e-113	333
glct-3	CLATE.FL83_21414-RA	59.273	275	102	2	38	303	13	286	4.01e-113	332
glct-3	CVIRI.g10547.t1	57.244	283	103	4	38	303	72	353	9.28e-112	330
glct-3	CCAST.g7818.t1	58.148	270	101	2	45	303	77	345	1.67e-111	330
glct-3	CSP38.g3403.t1	56.134	269	107	2	45	303	69	336	3.15e-109	323
glct-3	CSP38.g3403.t2	56.134	269	107	2	45	303	74	341	6.70e-109	323
glct-3	CMONO.g1041.t1	64.050	242	82	3	45	285	95	332	3.97e-107	319
glct-3	CBG08285	61.111	252	95	3	53	303	3	252	8.79e-107	314
glct-3	CSP26.g3243.t1	65.438	217	75	0	59	275	1	217	3.14e-106	313
glct-3	CKAMA.g3872.t1	66.520	227	67	2	86	303	12	238	3.71e-106	312
glct-3	CPLIC.g4067.t1	56.000	275	111	3	38	303	24	297	7.38e-105	311
glct-3	CLATE.FL83_09262-RA	54.135	266	109	2	49	303	20	283	1.39e-99	297
glct-3	CBN17875	55.385	260	103	5	54	303	71	327	9.38e-97	291
glct-3	CDOUG.g19433.t1	53.208	265	114	2	49	303	72	336	9.65e-97	291
glct-3	CREMA.FL82_04652-RA	53.184	267	108	3	52	303	60	324	5.66e-96	289
glct-3	CSP40.g23312.t1	55.128	234	102	2	52	285	87	317	3.86e-90	275
glct-3	CSP21.g3690.t1	54.941	253	96	4	57	303	94	334	1.61e-89	273
glct-3	CCAST.g18176.t1	53.846	247	107	2	52	298	44	283	1.99e-89	271
glct-3	CPLIC.g157.t1	55.603	232	100	2	59	288	49	279	4.32e-89	271
glct-3	CCAST.g18122.t1	53.386	251	114	2	35	285	25	272	5.26e-88	268
glct-3	CKAMA.g10776.t1	53.086	243	105	2	69	303	75	316	7.21e-88	268
glct-3	CSP26.g3017.t1	48.148	270	102	2	49	285	42	306	3.80e-86	265
glct-3	CSP21.g7551.t1	45.734	293	147	4	17	303	9	295	2.04e-83	257
glct-3	CANGA.Cang_2012_03_13_01133.g15774.t1	51.172	256	103	4	53	293	27	275	3.03e-82	253
glct-3	CTROP.Csp11.Scaffold629.g11814.t1	51.709	234	99	2	79	303	1	229	2.27e-81	249
glct-3	CBG08283	44.444	315	105	5	59	303	1	315	8.80e-81	250
glct-3	CSINI.Csp5_scaffold_01476.g21159.t1	54.545	209	93	1	79	285	1	209	7.09e-80	245
glct-3	CCAST.g16160.t1	57.216	194	76	2	79	272	1	187	2.83e-74	229
glct-3	CTROP.Csp11.Scaffold629.g11814.t2	51.282	195	81	2	118	303	1	190	1.74e-63	202
glct-3	CSP21.g7552.t1	46.635	208	109	2	79	285	1	207	3.31e-62	204
glct-3	CSP26.g2140.t1	41.270	252	125	8	51	290	90	330	4.98e-52	177
glct-3	CBG01067	40.977	266	130	8	51	300	90	344	1.22e-51	176
glct-3	CTROP.Csp11.Scaffold629.g8818.t1	40.385	260	132	7	51	298	90	338	1.99e-51	176
glct-3	CREMA.FL82_22674-RA	40.385	260	132	8	51	298	64	312	9.99e-51	173
glct-3	CSP40.g3200.t1	41.538	260	129	8	51	298	90	338	1.12e-50	174
glct-3	CSP38.g5375.t1	41.270	252	125	8	51	290	90	330	1.64e-50	174
glct-3	CVIRI.g11665.t1	42.471	259	126	8	51	297	90	337	2.04e-50	173
glct-3	CDOUG.g14196.t1	41.154	260	130	8	51	298	90	338	2.05e-50	173
glct-3	CSP39.g22415.t1	38.047	297	144	10	18	299	48	319	2.74e-50	172
glct-3	CANGA.Cang_2012_03_13_00620.g12866.t1	39.080	261	136	8	51	299	12	261	3.05e-50	171
glct-3	CANGA.Cang_2012_03_13_00254.g7961.t2	53.247	154	66	3	50	199	13	164	4.62e-50	167
glct-3	CANGA.Cang_2012_03_13_00254.g7961.t1	53.247	154	66	3	50	199	54	205	5.92e-50	168
glct-3	CSINI.Csp5_scaffold_04607.g33334.t1	41.270	252	125	8	51	290	90	330	7.38e-50	172
glct-3	CNOUR.g4656.t1	41.860	258	120	9	45	290	91	330	7.73e-50	172
glct-3	CSP29.g6385.t1	41.085	258	122	9	45	290	91	330	2.22e-49	171
glct-3	CSINI.Csp5_scaffold_04607.g33334.t2	41.270	252	125	8	51	290	153	393	4.69e-49	171
glct-3	CCAST.g16537.t1	39.286	252	130	7	51	290	90	330	9.78e-49	169
glct-3	CSP39.g2343.t1	39.777	269	129	9	45	298	91	341	9.94e-49	169
glct-3	ZK1307.5	40.486	247	124	8	51	285	90	325	1.01e-47	166
glct-3	CBN14351	39.544	263	133	8	51	298	90	341	3.32e-47	165
glct-3	CBN11722.2	39.615	260	134	8	51	298	90	338	5.26e-47	164
glct-3	CBN11722.1	39.615	260	134	8	51	298	90	338	5.26e-47	164
glct-3	CANGA.Cang_2012_03_13_00648.g13131.t1	52.980	151	63	3	136	285	1	144	1.10e-46	158
glct-3	CPLIC.g9061.t1	39.200	250	129	7	60	297	100	338	1.32e-45	161
glct-3	CSP31.g3062.t1	40.891	247	123	8	56	290	67	302	3.45e-45	159
glct-3	CMONO.g5054.t1	40.873	252	126	8	51	290	569	809	1.77e-44	165
glct-3	CSP21.g9325.t1	39.600	250	128	8	51	288	91	329	1.93e-44	158
glct-3	CSP28.g8846.t1	39.338	272	131	9	18	277	90	339	5.58e-44	162
glct-3	CCAST.g18175.t1	56.349	126	44	1	189	303	40	165	8.44e-43	148
glct-3	CKAMA.g8120.t1	41.279	172	88	6	129	298	12	172	5.14e-32	120
glct-3	CLATE.FL83_08479-RA	41.279	172	88	7	129	298	12	172	1.01e-27	115
glct-3	CAFRA.g17183.t1	40.506	158	78	3	51	198	90	241	1.44e-27	110
glct-3	CJA02342	39.535	172	91	6	129	298	17	177	1.65e-26	106
glct-3	CSP32.g14272.t1	38.608	158	81	3	51	198	90	241	1.61e-25	105
glct-3	CREMA.FL82_25095-RA	62.821	78	28	1	175	252	1	77	9.48e-25	98.2
glct-3	CBG18701	50.549	91	45	0	196	286	424	514	4.11e-22	99.8
glct-3	CANGA.Cang_2012_03_13_06542.g20326.t2	53.846	78	35	1	53	129	60	137	5.15e-22	93.6
glct-3	CANGA.Cang_2012_03_13_06542.g20326.t1	53.846	78	35	1	53	129	76	153	6.16e-22	93.6
glct-3	CJA35121	48.000	75	39	0	51	125	90	164	1.40e-14	74.7
